1,1,1,1,1,1,3,4,1,3,3,4,3,1,3,3,3,2,2,3,3,3,2,2,3,2,3,2,2,1,4,1,2,3,2,3,4,1,4,4,1,3,3,2,2,3,4,3,3,2,2,3,4,3,1,2,1,3,1,1,1,IE
2,2,3,2,4,1,4,3,3,3,4,1,2,3,2,4,2,3,1,2,1,4,2,2,2,3,4,2,3,3,2,3,1,2,2,2,4,4,1,2,4,1,1,4,1,3,4,1,2,3,3,2,3,1,2,3,3,2,4,4,2,N
3,3,4,4,4,2,2,2,3,4,1,4,1,2,2,3,4,3,3,2,3,2,2,2,2,1,2,2,2,1,4,4,3,4,2,1,4,4,1,4,2,4,4,4,1,2,1,4,4,4,2,1,2,3,2,1,4,2,3,2,1,EI
4,4,1,3,3,2,2,3,1,2,1,4,2,2,3,3,4,2,2,3,4,2,3,2,3,2,3,1,1,1,4,4,2,1,1,2,3,2,3,1,4,1,2,1,3,2,4,2,4,3,2,2,1,1,2,1,1,2,2,4,3,IE
5,3,2,3,4,4,4,1,4,1,4,4,2,2,1,2,1,3,4,1,4,3,3,2,3,4,4,2,2,3,4,4,3,1,3,4,3,4,4,4,4,4,4,2,2,4,4,4,4,4,2,2,3,4,2,2,4,3,4,1,1,EI
6,4,4,1,1,4,1,3,4,3,3,4,4,1,4,4,1,4,1,1,1,2,2,2,3,4,4,4,1,1,4,4,3,1,4,4,2,3,2,3,4,4,3,4,1,2,2,1,4,4,1,2,1,1,4,4,4,1,4,4,4,EI
7,3,4,4,2,4,1,4,3,1,3,4,4,3,4,2,4,4,1,4,4,2,2,2,3,4,4,1,4,1,4,4,3,4,1,4,4,2,3,2,2,2,3,2,2,2,2,3,4,2,3,2,2,4,1,2,2,2,4,4,4,EI
8,1,4,2,4,1,1,1,4,3,4,1,1,1,2,3,2,2,3,3,1,2,3,4,1,4,3,2,3,4,3,1,1,1,3,1,4,3,4,3,2,1,3,1,4,2,3,2,1,1,4,2,3,2,2,1,2,2,3,4,3,N
9,4,4,2,3,4,4,1,2,2,4,1,2,2,1,2,1,4,2,4,2,4,3,4,2,1,4,3,1,1,4,3,2,4,4,2,2,2,2,2,3,4,2,2,2,2,4,3,2,2,3,4,2,2,2,3,4,2,2,4,4,N
10,2,3,3,4,1,4,2,2,2,3,4,2,2,3,3,4,3,4,2,2,3,2,2,3,4,2,1,2,1,4,4,4,1,1,3,4,2,3,4,4,2,1,4,4,1,3,1,1,4,4,1,4,2,4,2,2,1,4,2,3,IE
11,3,1,3,3,3,3,1,3,3,3,1,1,3,3,4,3,3,2,3,1,3,3,3,3,1,3,2,1,3,3,1,4,3,3,1,3,3,4,3,3,3,4,3,3,1,1,3,2,3,2,3,3,4,2,3,4,3,1,2,2,N
12,3,2,2,1,4,2,1,3,4,4,4,2,3,2,4,2,2,3,4,3,2,1,1,2,4,2,4,2,1,4,4,3,1,1,4,4,2,3,4,4,2,3,3,2,2,2,4,3,2,4,2,2,4,2,4,4,4,4,2,2,EI
13,1,4,3,4,3,4,1,2,1,3,4,4,3,4,2,1,3,2,3,2,3,4,2,2,3,3,1,2,1,4,1,3,2,1,3,4,3,3,3,4,1,4,1,2,2,3,3,2,1,1,2,1,2,2,2,2,1,4,2,2,IE
14,4,4,1,1,2,3,1,1,4,4,1,4,2,2,1,3,4,4,1,3,2,3,4,4,3,2,2,3,1,4,4,2,1,3,4,4,3,4,4,3,4,1,4,4,1,2,3,1,2,4,3,2,3,3,2,3,2,2,2,3,IE
15,4,4,4,3,1,2,2,2,1,4,2,1,3,2,3,1,3,3,3,3,3,1,1,3,1,3,1,1,3,3,1,1,3,3,2,1,1,1,2,3,3,2,1,1,1,1,1,4,1,1,3,4,1,1,4,3,3,2,2,1,N
16,3,3,1,1,3,1,1,1,4,1,1,1,3,1,2,1,3,3,4,1,2,4,4,2,2,1,1,1,1,1,4,3,1,1,4,3,3,1,2,1,2,1,2,1,3,3,2,1,1,3,4,4,1,1,4,2,3,1,3,1,EI
17,3,4,4,2,2,3,4,1,2,1,2,3,3,2,1,2,2,3,2,2,3,3,3,1,3,4,4,2,1,4,1,4,1,3,4,1,1,3,4,3,4,1,1,4,4,3,4,2,3,4,4,1,2,3,3,3,4,1,4,2,IE
18,3,2,4,1,3,4,4,2,4,2,2,3,1,4,4,1,4,3,2,2,1,3,4,1,1,1,3,1,2,4,4,3,1,2,1,4,4,2,3,3,2,2,4,4,2,4,1,2,4,4,1,3,4,2,2,2,2,4,2,2,N
19,3,4,4,3,3,2,1,3,4,4,3,3,3,3,4,4,3,3,3,3,4,4,3,3,3,3,2,2,1,4,1,1,4,1,3,3,3,3,4,3,4,1,3,3,2,1,4,4,2,1,1,1,4,4,2,3,4,1,2,3,IE
20,4,3,3,2,3,1,4,1,1,4,2,2,3,4,4,4,2,4,1,1,4,3,2,2,4,4,2,3,1,1,3,3,4,3,4,4,1,2,3,3,4,4,4,4,1,1,1,1,3,1,1,4,4,2,2,2,1,1,2,2,N
21,4,3,2,3,4,2,2,1,4,1,4,2,2,2,2,3,2,1,2,2,2,3,4,1,4,1,3,4,4,4,4,3,1,1,4,4,1,4,4,4,1,4,1,3,4,4,4,4,4,3,4,3,2,1,3,4,3,2,2,2,EI
22,3,1,1,3,1,3,1,2,1,1,1,1,3,2,1,3,1,3,1,3,1,3,1,3,1,3,1,3,4,3,3,2,3,3,4,3,3,3,3,3,3,4,1,4,1,2,1,4,1,4,3,2,3,2,1,2,1,2,3,4,N
23,3,1,4,1,2,2,1,1,2,1,4,4,4,4,1,4,3,3,3,1,3,4,3,3,3,4,1,1,3,3,3,4,1,3,4,1,1,4,1,3,4,1,4,1,3,4,3,3,2,3,1,3,4,3,4,4,1,3,2,3,N
24,4,3,4,1,4,4,2,1,3,2,2,1,3,4,2,2,2,3,4,2,3,2,3,2,3,4,3,2,1,4,1,3,1,2,2,1,4,4,4,2,2,1,2,4,3,4,2,3,1,2,4,1,4,4,1,2,2,1,4,4,IE
25,2,3,2,4,1,2,4,4,3,4,1,3,4,4,4,4,4,4,2,1,1,2,3,2,4,4,2,4,4,4,4,4,1,4,2,3,4,3,4,2,4,3,2,3,3,2,2,2,2,3,3,2,1,2,3,3,3,2,2,3,N
26,3,4,4,3,2,1,1,3,3,2,3,4,1,1,3,3,2,3,2,3,2,2,1,2,1,3,3,1,3,3,1,3,3,1,3,3,1,3,3,3,3,3,3,4,1,4,1,2,1,4,3,2,3,3,4,2,3,2,3,4,N
27,1,3,3,4,4,2,3,3,1,4,3,2,2,4,1,2,2,3,4,4,3,1,2,3,4,2,3,2,3,4,4,1,4,3,3,4,2,3,4,4,1,1,4,2,2,2,1,1,4,2,1,4,2,3,1,2,3,4,4,2,N
28,1,1,3,1,3,2,1,1,2,4,3,1,1,3,1,4,3,3,2,3,4,4,1,1,2,3,1,1,1,4,4,3,1,1,4,4,2,1,3,3,1,2,3,3,3,1,3,3,3,4,2,3,2,3,2,2,3,4,4,1,EI
29,4,4,1,3,4,4,1,1,1,2,4,4,2,3,3,3,1,2,2,4,4,4,1,4,3,3,1,2,1,2,1,4,4,4,4,2,2,4,4,2,2,4,4,2,4,4,4,4,4,2,4,1,1,4,4,1,2,3,2,4,N
30,2,1,1,4,3,2,3,2,1,2,1,3,4,4,2,3,3,1,1,3,3,3,3,1,2,3,3,2,1,4,4,3,1,3,3,4,1,3,4,1,1,4,1,3,4,1,1,4,3,4,4,2,1,4,2,1,4,1,4,4,IE
31,1,3,2,2,1,4,1,1,2,3,4,2,2,2,2,2,3,4,4,4,1,4,4,2,1,1,4,1,4,4,4,2,2,4,2,4,2,2,4,4,1,2,2,3,2,4,1,2,4,3,4,2,4,2,1,1,4,4,3,4,N
32,3,4,2,1,3,4,3,1,3,2,3,4,2,2,3,1,2,2,3,2,3,3,2,3,2,3,4,2,1,4,2,3,2,3,3,4,4,4,2,1,1,3,4,3,4,2,3,4,4,3,4,3,4,3,4,3,4,2,3,4,IE
33,2,3,3,1,1,4,1,1,3,2,2,1,2,3,1,3,4,1,3,4,4,4,1,1,1,2,1,3,3,3,2,1,3,3,2,3,2,1,1,1,1,1,1,1,1,1,1,1,1,1,1,1,1,3,3,3,2,3,2,3,N
34,2,1,3,4,1,3,4,4,4,3,4,4,3,4,2,3,4,1,4,4,3,4,1,3,3,2,4,2,2,1,4,1,1,1,4,3,3,2,4,3,3,4,2,3,2,3,2,2,3,3,4,4,1,4,2,2,1,4,4,1,N
35,4,3,2,2,4,3,4,2,2,3,3,2,1,4,1,4,2,1,4,3,4,3,2,3,1,4,4,1,4,4,3,4,4,1,4,3,4,4,2,2,1,4,2,3,3,4,4,1,4,3,4,4,2,2,2,3,3,3,4,2,N
36,4,3,2,2,3,3,2,3,3,4,4,3,4,4,4,4,4,4,3,2,2,3,3,2,3,2,2,3,1,4,4,1,1,4,1,1,1,2,2,3,1,3,1,3,2,2,2,1,1,1,4,4,1,2,2,1,4,1,1,4,IE
37,3,2,1,3,1,1,4,1,4,4,1,1,2,2,1,1,4,1,2,1,3,1,1,1,2,2,3,2,2,2,3,2,4,4,2,2,2,3,3,4,3,4,1,3,4,3,4,4,1,4,1,3,3,4,3,4,3,4,1,3,N
38,1,3,4,2,2,1,4,4,3,3,1,1,1,4,1,4,1,1,1,1,3,4,1,4,1,4,4,1,4,1,4,4,1,4,4,2,2,1,4,4,4,1,4,4,4,3,3,4,1,1,3,3,3,1,4,3,4,3,4,2,N
39,4,1,1,4,2,2,4,4,1,2,1,2,4,4,1,4,2,1,3,4,2,1,4,3,2,1,3,3,2,4,4,3,4,1,4,2,3,2,3,4,3,3,2,2,2,2,3,4,4,4,2,2,3,4,3,3,2,1,1,3,EI
40,4,2,2,2,1,3,3,3,1,4,3,4,3,4,2,1,2,1,2,1,4,2,3,1,4,2,4,2,2,3,4,2,2,4,3,1,3,4,3,2,1,4,4,2,2,3,4,4,3,4,2,3,4,4,4,3,2,3,2,2,N
41,4,3,4,4,4,1,2,2,3,2,1,1,2,3,2,2,3,3,2,2,2,2,1,3,2,2,1,2,1,4,1,1,1,3,4,4,3,4,2,3,1,2,2,2,1,4,2,3,2,1,1,4,2,2,3,4,4,4,2,2,IE
42,2,1,3,2,3,2,3,1,3,3,4,3,2,3,2,3,3,3,2,2,1,2,2,3,3,2,1,2,1,4,2,3,2,2,3,1,4,4,1,1,1,3,4,1,4,2,3,4,4,3,4,1,3,3,4,3,2,3,3,4,IE
43,2,4,3,2,3,4,2,2,2,2,3,4,2,1,4,2,3,4,4,1,3,4,1,3,4,2,3,4,3,3,2,4,4,2,2,3,4,1,4,2,1,1,4,1,1,4,4,1,4,1,1,4,1,4,4,1,1,4,4,1,N
44,2,2,2,1,2,2,2,3,2,1,2,3,2,3,3,3,4,2,3,3,4,3,2,2,3,4,4,2,1,4,4,1,3,4,3,3,2,2,3,4,3,2,2,3,3,2,2,2,2,1,2,2,1,2,2,1,1,4,1,2,IE
45,3,3,3,3,1,4,1,4,1,4,1,4,3,3,3,4,4,1,1,4,4,1,1,4,3,4,3,3,1,3,2,1,4,1,1,3,4,1,3,3,1,4,4,4,4,1,4,1,4,2,1,1,4,1,4,1,3,2,1,4,N
46,2,3,4,4,1,4,2,2,3,2,1,3,1,1,4,3,3,2,2,1,4,1,1,3,1,1,4,1,2,2,1,1,2,4,4,2,1,3,2,1,2,2,2,2,3,2,4,4,2,4,2,3,4,4,2,3,4,4,3,3,N
47,4,1,2,2,1,1,2,1,3,1,3,2,2,1,4,4,3,3,3,3,1,1,3,4,4,1,3,1,1,1,3,3,1,4,3,1,4,1,4,3,3,4,4,2,2,2,1,2,2,1,1,3,1,2,1,1,4,3,3,4,N
48,1,1,4,1,1,1,2,3,3,4,1,3,3,3,2,1,1,1,4,3,3,3,2,3,1,4,3,1,2,1,3,2,1,1,1,3,1,1,3,2,3,4,1,3,3,3,2,1,1,2,1,1,3,3,2,2,1,3,2,1,N
49,3,4,3,3,2,2,1,3,4,1,2,2,2,2,2,2,2,1,2,2,4,2,2,3,3,3,1,2,1,4,3,4,3,3,2,2,3,4,4,2,3,2,2,3,2,1,4,2,1,1,4,2,1,2,4,4,3,2,4,2,IE
50,3,1,2,3,1,2,1,3,3,3,3,3,2,3,1,2,1,3,2,2,3,3,3,4,3,3,3,2,1,4,4,4,3,4,3,3,4,1,3,3,4,2,2,3,3,3,4,2,3,2,1,4,3,1,3,2,3,3,2,1,IE
51,3,4,3,3,4,3,3,4,4,3,4,1,1,3,4,4,1,4,2,3,2,1,4,3,3,4,3,4,3,4,4,4,4,4,4,1,2,2,2,3,4,1,3,2,1,1,2,1,2,2,1,3,2,3,4,4,4,3,4,4,N
52,1,1,1,3,3,3,4,4,3,3,3,1,4,1,4,4,4,3,2,1,1,1,1,2,3,4,1,4,3,3,4,3,4,3,1,3,3,4,1,3,4,1,1,3,1,4,2,1,2,4,4,3,2,2,3,4,2,3,1,2,N
53,3,2,3,4,4,4,2,1,3,1,4,4,1,4,3,4,3,1,3,2,2,3,4,4,3,1,2,2,1,1,2,1,4,1,2,2,2,2,1,4,4,1,2,1,4,4,4,2,2,3,3,2,1,4,3,3,2,2,3,2,N
54,1,3,3,3,4,2,1,3,3,3,3,1,1,1,1,1,3,3,3,3,2,2,3,2,1,3,3,3,1,4,2,1,2,2,1,1,2,3,4,3,4,2,1,2,3,4,1,1,4,1,1,1,3,2,3,3,3,2,1,4,IE
55,1,1,1,4,4,3,1,1,3,4,1,4,2,2,3,4,3,4,1,4,4,1,4,3,4,2,2,2,3,4,2,2,1,2,2,3,4,3,2,2,2,1,4,1,2,2,3,3,2,2,2,2,1,2,3,2,2,2,1,2,N
56,4,4,2,3,1,2,2,2,4,1,4,2,2,2,4,3,2,1,2,2,2,3,4,1,4,1,3,4,4,1,4,3,1,1,4,4,1,4,4,4,4,4,1,3,4,4,4,1,4,4,3,2,1,3,4,3,2,3,2,3,EI
57,4,3,3,2,3,4,2,2,2,1,4,4,1,1,3,4,1,3,4,1,3,3,4,4,4,4,2,3,1,3,3,4,3,3,1,3,1,3,3,3,3,1,1,3,1,2,3,3,4,4,4,3,1,1,1,3,1,4,4,1,N
58,2,2,3,2,1,2,3,2,2,2,1,2,3,2,3,2,2,2,1,2,2,2,2,2,1,2,2,1,2,2,3,3,4,4,2,2,2,1,3,2,2,1,3,4,4,2,4,4,2,1,3,2,3,3,4,4,4,2,2,1,N
59,2,2,1,2,1,2,2,2,2,3,3,2,2,3,2,1,1,4,3,4,2,1,4,1,4,2,2,2,1,4,2,2,3,3,4,2,2,1,3,4,4,1,2,2,2,1,2,1,4,2,4,4,2,2,2,2,3,4,4,3,N
60,4,3,4,3,1,4,2,2,4,2,3,3,2,3,2,3,1,3,1,2,4,4,4,1,3,3,2,2,1,4,4,3,1,1,4,4,1,4,1,4,1,4,2,1,4,4,4,1,3,3,4,4,4,4,4,2,2,3,4,4,EI
61,2,2,1,2,2,2,3,2,2,1,4,2,2,2,2,2,1,1,2,3,2,2,3,2,2,3,4,2,1,4,1,2,1,1,4,2,3,4,4,3,4,3,2,3,1,1,4,1,1,2,3,1,2,2,2,4,4,1,2,3,IE
62,1,1,4,2,3,3,2,4,4,4,3,4,4,1,2,2,2,4,4,3,2,1,1,2,3,3,2,1,1,4,4,3,4,1,4,2,4,4,2,4,1,4,2,2,4,4,4,1,4,2,4,1,3,2,3,4,4,4,4,3,EI
63,3,4,2,4,1,2,2,1,4,1,2,4,3,4,1,1,3,4,1,4,1,4,2,4,1,4,1,4,2,4,4,3,4,1,4,3,4,1,4,4,2,3,4,1,1,3,4,4,2,2,2,4,3,4,2,1,4,4,4,4,EI
64,1,2,1,2,2,1,2,1,2,3,2,4,2,1,3,1,4,3,2,4,4,1,2,2,2,2,1,4,1,1,3,1,2,3,1,2,2,2,1,1,1,3,4,2,3,4,4,2,3,3,4,1,3,2,1,3,4,1,1,2,N
65,2,2,2,3,4,4,1,2,2,1,4,3,2,3,4,3,4,1,2,2,2,1,3,2,3,2,1,3,4,4,4,3,1,1,3,4,1,2,2,2,2,2,3,3,2,2,3,4,2,2,2,3,4,4,2,1,3,3,2,2,EI
66,2,1,1,4,2,2,3,4,1,1,1,2,2,1,3,2,3,3,1,3,1,2,3,1,3,4,4,2,1,4,4,3,1,1,4,3,2,2,1,3,1,2,1,4,1,1,4,1,4,2,2,2,3,2,3,2,3,2,2,2,EI
67,2,1,1,3,4,4,1,2,2,2,2,1,1,2,3,4,2,3,2,2,3,4,3,4,2,2,4,2,3,4,4,3,1,1,4,4,4,1,2,4,2,2,2,4,4,4,3,3,2,3,4,3,4,2,2,3,3,4,4,1,EI
68,2,2,3,4,2,2,3,4,4,4,1,1,4,2,2,4,2,2,2,3,3,2,2,3,4,1,2,2,2,1,4,2,3,2,2,1,2,3,2,2,3,4,2,3,3,2,2,1,4,1,2,2,1,3,4,4,1,2,2,4,N
69,4,2,3,2,3,4,1,3,4,1,4,3,2,3,2,3,2,1,3,2,4,2,3,3,4,3,1,1,1,4,4,3,2,1,4,1,3,3,2,3,4,4,4,4,1,4,2,3,4,1,1,4,3,4,4,3,2,4,4,4,EI
70,4,1,3,2,3,4,4,1,4,4,1,2,1,4,2,3,1,3,4,4,1,2,1,4,4,1,4,3,4,4,4,3,4,1,4,3,4,4,3,4,2,3,4,3,4,3,1,1,1,2,1,2,1,4,2,4,2,1,2,1,EI
71,1,2,4,4,1,4,2,4,4,4,3,4,2,4,4,3,3,2,2,3,4,2,1,2,1,4,1,4,1,2,1,3,2,3,1,3,1,1,2,2,1,1,4,1,4,4,1,4,4,1,2,3,3,4,2,4,2,3,3,2,N
72,1,1,4,2,2,1,4,1,3,1,3,4,3,2,3,4,3,4,3,3,2,3,2,3,3,3,4,2,1,4,3,1,2,3,4,1,1,4,1,3,1,1,2,1,4,2,2,1,4,4,4,1,4,4,1,2,1,1,4,2,IE
73,2,2,3,4,4,1,4,4,4,4,1,1,3,2,3,4,4,3,2,1,2,2,2,3,4,1,4,2,3,4,3,4,1,1,1,2,1,1,1,4,3,3,4,2,3,2,3,3,4,2,1,4,1,4,4,2,2,3,4,4,N
74,4,3,4,1,4,3,2,1,2,2,3,4,3,4,1,2,2,1,2,3,2,3,3,4,3,3,3,2,1,4,4,1,3,4,1,3,1,1,4,4,1,3,4,2,2,3,3,2,3,1,3,4,3,4,4,2,1,4,1,2,IE
75,3,3,4,1,1,2,3,4,4,4,4,1,1,4,2,4,1,1,4,4,3,4,4,2,1,4,3,4,1,4,2,3,4,1,4,1,3,3,4,2,4,2,2,1,3,3,1,2,1,2,3,2,2,1,4,2,2,3,4,4,N
76,2,1,4,4,3,3,3,2,3,4,2,4,4,2,2,2,2,2,2,4,4,1,2,1,4,3,4,4,2,3,2,3,4,1,2,4,4,2,4,3,3,1,2,3,4,1,3,4,4,3,4,2,3,4,2,3,2,1,2,1,N
77,4,2,3,2,1,4,4,3,4,2,2,2,4,4,4,3,4,2,2,2,4,2,2,2,3,4,3,1,4,4,4,4,4,1,3,2,1,4,1,4,2,1,3,2,2,3,4,4,4,4,4,1,4,4,4,2,2,2,1,4,N
78,3,2,2,3,4,1,2,2,2,3,4,4,2,2,2,3,4,4,3,4,4,2,3,4,3,2,4,2,2,4,4,3,4,1,4,3,1,4,1,1,4,2,3,4,3,2,3,3,3,4,4,1,3,4,4,2,1,2,3,2,EI
79,4,4,4,4,3,1,1,3,3,3,3,3,3,1,3,4,4,1,4,1,4,4,3,2,1,1,3,4,1,2,1,3,2,1,1,4,1,2,2,1,4,1,1,4,2,3,4,4,1,4,2,3,1,3,4,4,3,2,1,4,N
80,4,2,2,2,2,2,1,1,2,2,1,2,4,2,3,2,3,4,3,3,4,2,3,2,3,3,4,2,1,4,2,4,1,1,4,2,2,2,1,2,2,1,2,4,1,2,4,2,2,1,4,2,4,2,2,4,2,4,1,2,IE
81,3,4,3,4,4,1,2,1,1,4,3,1,2,1,1,2,4,3,4,1,4,2,4,4,2,1,2,2,1,1,2,4,4,4,1,2,2,3,4,2,2,3,4,2,3,4,4,2,2,1,4,2,1,3,4,4,4,4,2,3,N
82,1,2,1,3,2,3,3,2,1,4,3,4,3,2,3,1,4,1,1,4,1,1,4,1,1,2,3,2,1,1,1,2,2,3,2,3,4,4,1,4,4,1,1,4,3,4,2,3,1,1,1,3,3,3,1,4,2,3,2,1,N
83,4,1,4,2,1,4,3,3,2,1,2,4,4,2,2,1,3,4,3,3,2,2,4,4,2,4,2,1,1,4,4,2,2,3,3,2,3,3,4,2,1,2,3,4,4,3,1,2,1,2,4,4,4,2,4,1,4,4,4,2,N
84,4,4,1,3,3,3,2,2,1,4,2,2,3,2,2,2,2,3,2,3,4,2,1,1,1,4,1,3,4,3,4,1,1,2,4,1,4,3,4,3,4,2,1,4,1,2,4,4,3,4,2,2,2,1,2,2,2,2,2,2,N
85,1,1,1,2,3,4,4,4,4,2,2,3,4,1,4,1,2,4,2,2,2,2,3,4,4,2,2,1,3,4,4,1,2,2,4,2,3,3,2,2,2,1,3,1,2,2,3,4,4,2,3,2,3,4,3,2,2,1,1,4,N
86,2,3,4,3,2,2,2,3,3,4,4,4,2,3,4,3,3,3,3,2,2,3,1,2,2,2,3,2,1,4,4,2,3,4,2,3,4,4,3,4,4,3,2,3,1,2,2,2,3,3,4,4,1,2,2,2,1,4,1,4,IE
87,2,3,3,2,1,3,3,3,1,1,2,3,2,1,1,2,3,1,3,1,4,1,1,3,3,1,3,3,1,4,4,2,3,4,4,3,4,2,4,2,1,1,4,3,4,1,2,3,4,2,1,4,3,3,3,3,3,1,2,2,N
88,4,4,4,4,2,2,1,3,2,4,3,4,4,4,2,1,3,2,2,3,2,1,3,2,3,3,2,4,3,2,2,3,4,2,3,2,2,3,4,4,3,4,4,3,3,4,3,4,4,1,2,1,3,2,1,2,2,3,4,2,N
89,3,3,4,2,2,2,3,2,1,4,2,1,3,2,1,2,2,1,3,4,1,1,2,4,4,1,4,1,4,4,2,2,1,3,2,4,2,2,3,4,2,4,2,3,4,1,4,4,4,2,3,4,2,2,1,4,4,2,2,1,N
90,1,1,4,4,3,3,1,2,2,3,3,4,1,1,2,1,1,3,4,1,2,1,4,2,1,1,3,4,3,2,3,3,3,4,2,3,4,1,2,1,4,1,4,2,2,2,1,4,2,3,4,4,3,3,1,4,3,4,4,2,N
91,2,1,4,2,1,3,2,3,2,2,2,2,2,2,3,2,3,4,4,2,2,3,3,2,2,3,4,2,1,4,4,3,4,4,3,2,4,2,1,3,2,4,1,2,2,1,3,4,4,3,2,1,3,2,1,3,4,1,1,1,IE
92,1,2,3,4,4,2,4,4,1,1,3,4,1,1,3,3,3,4,1,2,3,4,4,1,1,4,1,1,4,2,1,4,4,3,4,4,1,4,1,3,3,2,3,2,1,1,2,1,4,1,3,1,2,2,2,3,2,1,2,3,N
93,1,2,2,3,3,2,3,2,3,4,2,3,4,3,3,2,2,3,2,3,3,3,3,2,2,3,1,2,1,4,4,1,4,3,1,2,2,3,2,3,2,3,2,3,1,4,1,1,2,3,4,3,1,2,4,2,3,4,3,1,IE
94,2,1,2,4,2,3,2,3,3,3,1,2,3,2,2,1,3,4,3,4,3,4,4,4,1,2,1,3,3,2,1,3,3,4,2,4,4,1,1,3,1,1,2,1,3,2,4,4,1,4,4,1,4,1,1,4,3,3,3,2,N
95,1,1,3,3,4,1,2,3,4,4,4,4,1,2,4,2,1,4,3,2,3,3,4,3,1,2,3,1,3,4,2,1,2,3,3,3,2,3,3,3,4,2,2,1,1,1,4,4,2,1,1,1,2,4,2,1,4,1,1,2,N
96,4,1,3,4,1,1,4,1,3,4,1,4,1,3,4,3,3,2,3,1,3,4,3,4,4,1,3,2,3,4,4,1,2,1,1,4,1,1,4,4,1,4,1,2,2,4,3,2,3,4,4,2,1,3,2,3,4,4,1,4,N
97,4,1,2,1,4,4,4,1,3,1,3,4,3,2,3,3,3,4,2,3,3,3,2,3,3,3,1,1,1,4,4,2,3,4,1,2,3,4,3,4,2,3,4,3,2,2,3,4,1,3,3,4,3,3,4,2,3,4,2,3,IE
98,3,1,1,4,1,4,3,1,1,1,1,2,3,2,1,4,2,1,4,4,4,1,2,2,2,3,3,4,2,2,2,2,1,2,1,2,3,2,1,4,4,1,1,3,4,4,1,1,4,1,4,4,2,1,1,3,4,2,2,3,N
99,1,2,2,2,2,3,3,2,1,2,4,3,2,3,3,3,4,2,3,3,4,3,2,2,3,4,4,2,1,4,4,1,3,4,3,3,2,2,3,4,3,2,2,3,3,2,2,2,2,1,2,2,1,2,2,1,1,4,1,2,IE
100,3,4,1,4,4,4,2,3,3,1,2,2,3,3,2,3,2,2,2,1,2,3,3,2,3,1,1,3,4,2,3,1,2,3,2,3,1,2,3,1,2,3,2,1,4,3,4,1,2,1,3,3,3,3,1,1,1,4,2,3,N
101,2,2,1,3,2,1,1,1,4,4,1,3,3,2,2,1,4,2,1,4,1,3,3,3,3,4,4,2,1,4,4,3,4,1,4,1,3,3,3,3,4,1,4,3,1,2,1,1,1,3,2,3,3,4,1,1,3,4,3,3,EI
102,2,2,2,1,2,4,4,4,4,4,2,2,4,2,1,3,2,4,1,2,3,1,2,1,3,2,4,2,1,4,4,2,4,1,4,3,4,2,2,1,4,3,4,4,2,2,4,2,1,3,2,3,1,4,4,4,2,4,2,3,EI
103,4,3,2,3,3,2,3,4,2,3,2,2,3,2,3,3,2,4,3,2,3,4,4,3,2,2,2,3,3,1,2,3,3,2,2,1,1,4,1,2,2,2,2,1,4,1,4,1,4,4,1,1,4,4,2,1,3,4,2,3,N
104,4,4,4,2,1,4,1,3,2,3,3,2,1,1,3,2,1,4,3,2,2,3,1,2,1,4,2,1,1,4,3,3,3,4,1,2,1,2,1,1,1,1,3,2,4,2,1,2,1,1,2,4,1,3,4,1,2,4,2,1,N
105,1,1,3,2,2,3,1,1,3,4,3,4,1,3,3,3,1,4,3,1,1,1,2,1,3,3,1,4,2,3,1,1,1,4,3,3,3,2,3,2,1,3,3,2,2,3,2,2,1,3,4,3,4,1,4,4,4,2,1,3,N
106,1,3,3,2,4,2,1,1,4,3,4,4,1,2,3,4,4,1,4,1,4,1,1,4,1,3,4,3,2,3,3,1,2,3,3,1,1,1,4,3,1,1,1,3,1,1,1,3,1,2,1,1,2,3,3,3,3,2,2,2,N
107,2,2,2,4,4,4,1,4,2,2,3,2,4,4,4,2,2,2,4,4,2,4,2,2,2,3,2,1,2,1,2,2,2,4,4,4,4,4,2,4,3,2,3,4,4,4,1,4,4,1,4,4,2,4,4,2,2,4,2,4,N
108,4,1,3,2,3,4,4,2,3,4,1,2,3,3,1,3,3,3,3,2,3,3,4,1,3,3,2,3,1,4,4,2,3,4,1,4,4,3,3,4,4,3,3,3,2,1,4,2,1,3,4,3,1,3,2,3,4,2,3,3,IE
109,4,4,1,2,1,4,2,2,2,2,2,1,4,4,2,2,4,3,4,2,4,4,2,4,2,3,2,2,2,3,4,4,1,4,4,4,3,4,3,2,2,1,4,4,1,3,4,1,4,2,3,4,4,1,2,1,2,2,2,3,N
110,3,4,1,1,4,2,2,3,3,2,3,2,1,2,2,1,1,4,4,4,3,1,2,2,2,1,2,1,2,2,4,4,1,1,3,3,3,2,2,1,4,4,1,1,4,1,1,1,3,1,4,1,4,3,3,3,2,3,3,1,N
111,1,1,3,4,4,1,3,1,4,1,2,2,1,4,2,1,2,3,2,1,4,1,2,2,1,2,3,1,3,3,3,3,2,1,4,3,1,3,2,3,4,3,3,3,3,3,2,3,3,1,1,2,3,2,1,4,4,4,2,2,N
112,1,3,3,4,1,3,2,1,4,3,2,2,1,3,3,4,1,2,3,3,2,4,1,4,1,3,2,4,1,2,3,2,3,4,2,2,1,3,3,4,1,2,2,3,2,2,1,4,1,3,2,1,1,2,1,2,1,2,1,4,N
113,1,3,3,2,3,1,4,2,3,1,1,3,4,3,1,1,3,1,1,2,3,4,3,4,1,1,4,3,3,3,1,2,1,3,3,4,3,1,1,1,3,1,4,3,1,3,3,3,4,1,4,1,4,3,3,2,3,1,1,1,N
114,4,1,4,3,4,3,2,1,3,4,1,3,3,3,3,2,1,3,4,4,1,4,4,1,1,4,3,3,1,1,3,1,3,3,2,1,3,2,2,3,2,3,1,1,4,3,1,3,1,2,3,2,1,4,1,2,3,1,4,4,N
115,1,3,2,3,2,1,2,2,4,1,3,2,2,4,2,2,3,3,3,3,2,4,3,3,2,3,3,3,2,3,3,3,3,3,1,3,3,2,3,2,3,3,3,1,4,1,2,4,4,1,4,3,3,3,2,1,2,3,2,3,N
116,2,4,1,1,3,4,4,3,1,3,2,3,4,4,4,2,1,4,1,1,1,4,1,3,2,4,1,3,1,3,1,2,2,3,1,3,1,1,2,4,1,2,1,2,3,4,3,4,1,3,1,3,3,3,4,2,3,3,4,2,N
117,2,1,3,1,2,3,3,4,4,2,3,2,3,1,3,3,2,3,4,2,3,3,2,3,2,3,1,2,1,4,4,2,3,4,3,4,4,1,2,1,3,1,2,3,2,1,1,4,1,2,1,4,1,4,2,4,4,2,3,4,IE
118,2,3,4,3,3,4,3,4,1,3,4,3,4,3,1,4,4,1,4,4,1,1,4,1,4,2,3,2,1,4,4,3,1,4,4,4,1,1,4,4,4,4,3,4,1,4,4,1,4,3,4,4,4,4,3,2,3,4,4,4,EI
119,4,2,4,2,3,4,4,2,1,2,2,2,1,4,2,1,2,2,1,3,4,1,1,4,1,3,2,1,1,4,4,3,4,4,4,3,4,4,3,4,4,2,2,3,4,2,4,2,4,4,4,2,3,4,3,2,4,4,2,4,EI
120,3,3,3,3,4,3,1,4,4,1,2,3,1,1,2,1,3,2,2,4,2,2,1,2,1,1,1,1,3,3,1,1,1,1,1,3,3,1,3,4,4,3,3,3,1,4,4,1,4,3,2,1,3,4,2,1,4,1,3,1,N
121,2,3,4,1,2,2,3,3,1,1,4,3,2,1,3,2,3,4,2,2,3,4,2,2,3,2,4,4,2,2,3,2,2,2,1,1,1,4,3,4,2,3,1,4,4,1,3,3,1,2,1,4,4,3,4,3,4,1,4,2,N
122,3,2,2,3,1,1,2,1,3,2,3,4,3,2,1,3,4,3,2,3,3,3,4,3,4,3,3,2,1,4,4,4,3,1,1,1,1,1,1,2,3,3,4,3,3,4,2,3,4,2,1,1,4,3,2,1,1,4,2,3,IE
123,3,4,3,3,3,3,3,1,3,3,2,2,2,2,1,2,3,1,2,3,2,3,3,2,3,2,3,2,3,1,3,2,1,4,1,3,1,2,2,1,3,3,3,1,3,4,1,4,1,2,1,3,3,2,3,3,4,2,3,1,N
124,3,2,3,1,4,1,1,4,4,4,2,3,4,1,4,1,2,2,1,3,4,2,1,3,3,3,3,3,2,1,2,1,4,2,3,4,3,1,3,2,2,2,2,3,1,4,1,1,2,1,4,3,4,2,2,3,4,1,3,1,N
125,2,2,2,2,1,4,2,3,3,1,2,2,4,2,2,2,1,4,3,1,2,4,2,1,4,1,2,3,2,3,4,1,1,4,2,3,3,1,3,3,4,1,4,1,2,3,2,1,2,2,3,4,1,4,1,1,2,3,1,3,N
126,2,3,4,1,1,1,3,3,3,4,3,2,2,2,1,3,3,2,1,3,1,3,2,3,3,4,4,2,1,4,1,4,1,1,4,2,3,2,2,1,3,4,1,1,4,1,1,1,3,3,4,1,2,1,4,4,4,3,4,1,N
127,3,2,1,2,4,2,1,4,2,2,4,2,3,1,4,2,4,2,2,2,1,4,4,2,4,2,2,3,2,3,2,4,2,2,3,3,2,3,2,2,3,3,2,1,4,4,3,4,4,2,4,2,1,1,1,1,2,3,3,3,N
128,4,2,1,2,1,4,2,2,1,2,3,4,2,2,4,4,3,2,2,3,3,2,2,2,2,3,4,2,1,4,1,1,3,2,3,1,4,1,4,2,3,4,2,3,2,2,4,2,1,3,2,3,2,2,2,3,4,2,3,4,IE
129,3,2,1,4,2,3,3,3,3,3,2,3,3,3,3,2,3,2,3,2,3,2,2,3,2,3,3,2,1,4,4,1,3,2,1,3,2,3,3,2,3,2,4,1,1,2,2,2,2,4,1,4,3,4,1,2,1,1,4,2,IE
130,1,3,4,1,4,1,4,1,2,1,4,4,2,1,3,3,3,4,4,1,2,2,1,1,1,3,3,1,3,4,1,3,4,3,4,3,3,2,2,1,3,4,3,1,3,4,4,2,1,3,1,3,4,2,1,1,1,4,3,4,N
131,2,3,1,1,2,1,1,4,3,3,3,3,3,2,3,4,3,1,3,4,3,1,1,2,3,3,2,3,1,4,4,3,4,1,1,1,4,1,2,2,2,2,3,4,1,2,1,1,1,1,4,1,2,1,1,3,2,1,3,2,IE
132,3,4,4,2,3,2,4,2,3,3,3,3,4,4,3,4,3,2,2,1,3,3,3,4,3,4,3,4,4,1,1,3,4,3,2,1,3,3,3,3,2,2,1,2,2,2,2,3,3,3,1,2,2,3,3,1,1,4,3,3,N
133,4,4,3,2,1,2,1,1,2,3,2,3,2,2,2,2,1,4,1,4,1,1,4,4,3,4,4,3,4,3,4,1,4,4,2,2,1,3,2,1,2,4,4,1,1,4,1,3,4,2,3,4,2,3,4,2,3,3,2,3,N
134,3,3,4,1,1,2,3,2,3,2,3,4,1,4,1,3,1,1,1,2,4,4,1,4,1,3,4,2,1,4,4,4,3,2,1,1,1,2,3,1,2,1,3,1,1,1,3,4,2,2,1,4,2,3,1,3,1,3,3,4,N
135,2,1,2,2,1,4,2,2,4,4,4,3,1,1,1,2,1,1,3,3,3,2,1,1,1,4,4,4,2,2,1,1,3,1,1,3,1,1,2,1,3,4,2,3,1,3,1,4,1,4,1,4,1,3,3,2,1,1,1,1,N
136,1,2,2,1,4,4,1,4,3,3,3,1,3,1,1,4,2,3,2,3,3,4,4,4,4,1,1,3,4,4,4,3,4,2,4,4,4,3,2,1,4,4,4,4,3,4,4,2,1,1,4,1,1,4,4,4,4,3,4,1,EI
137,4,1,3,2,2,4,2,2,4,2,2,2,4,3,2,2,1,2,1,2,2,2,4,2,2,4,2,2,1,4,4,3,1,1,4,2,2,2,4,4,2,2,1,4,2,2,4,1,2,2,4,4,4,4,2,1,3,4,2,4,EI
138,2,1,4,3,2,2,2,4,4,2,2,4,4,3,4,2,2,3,4,4,4,3,2,2,2,1,1,2,1,4,1,4,4,1,4,4,2,2,4,3,4,4,1,4,4,1,4,4,1,4,1,2,1,4,4,1,4,1,3,4,IE
139,2,2,1,4,2,2,3,2,3,2,3,2,1,3,4,2,3,3,3,3,4,4,2,2,1,4,1,2,1,4,4,3,1,1,4,4,4,2,2,1,2,2,2,2,1,4,4,2,3,1,3,4,4,4,1,4,1,4,3,3,EI
140,2,3,4,3,1,2,2,1,1,2,1,1,2,4,1,4,4,1,4,2,1,2,4,4,4,4,4,2,2,3,2,3,4,4,1,1,4,3,2,1,3,4,1,4,1,4,3,1,4,1,1,1,1,1,2,2,1,4,3,2,N
141,2,2,1,4,3,3,3,4,1,1,4,4,1,4,4,2,1,2,3,4,2,3,4,4,3,4,2,2,1,4,3,2,3,3,4,2,1,4,4,3,2,3,2,2,2,4,1,4,4,4,2,1,4,1,1,4,4,3,4,1,IE
142,2,3,2,3,2,3,3,3,3,1,3,4,2,3,3,2,3,2,3,3,3,3,2,1,2,3,2,3,4,4,1,4,1,2,1,4,1,4,2,3,4,3,1,4,4,1,4,1,1,4,4,1,1,4,2,3,2,2,2,3,N
143,2,4,2,3,2,1,4,2,2,2,4,2,3,2,2,3,3,3,2,1,2,2,2,3,2,3,4,2,1,4,4,1,4,1,4,2,2,3,2,4,3,4,4,2,1,4,4,2,2,1,4,3,4,4,1,4,4,4,1,2,IE
144,3,4,4,4,2,4,2,1,2,2,2,3,3,2,1,2,3,4,3,4,4,4,4,1,4,1,1,1,1,4,4,3,4,1,4,2,3,4,4,1,1,4,2,3,4,1,4,4,3,2,3,4,4,2,4,4,4,4,2,3,EI
145,1,1,4,2,3,4,2,1,3,4,3,4,4,1,3,2,2,3,4,1,4,1,1,2,3,3,2,1,4,4,4,3,4,1,4,3,2,2,1,4,4,1,4,1,3,4,3,3,3,2,1,4,2,2,2,3,4,3,3,4,EI
146,1,1,1,2,3,4,4,3,4,3,3,1,1,1,1,3,3,1,2,1,4,3,3,4,3,2,4,2,1,4,4,3,1,1,1,3,1,2,1,2,1,4,1,1,1,4,1,1,3,1,1,3,1,1,3,2,3,4,2,1,EI
147,4,4,2,3,4,2,2,4,4,1,4,2,2,2,2,3,2,1,2,2,2,3,4,1,4,1,3,4,4,4,4,3,1,1,4,4,1,4,4,4,4,4,1,3,4,1,4,4,4,4,3,1,2,3,4,3,4,3,2,3,EI
148,2,3,4,3,3,1,2,1,2,4,2,3,3,4,3,1,1,3,3,4,1,2,3,2,3,3,2,3,1,4,4,3,4,1,4,2,2,2,1,3,3,4,4,2,1,4,4,4,4,3,1,2,2,1,1,1,4,3,4,1,IE
149,1,2,3,3,3,4,2,3,4,4,2,1,4,1,2,2,3,4,1,4,2,2,1,2,3,3,1,2,2,3,4,3,1,1,4,4,4,2,3,4,4,4,4,4,2,1,3,3,3,3,3,3,2,3,3,3,2,3,3,1,EI
150,2,2,2,3,4,4,2,2,2,3,3,2,2,2,3,3,4,4,2,3,4,1,3,3,3,3,3,2,1,4,1,1,1,2,2,2,1,4,1,3,2,4,1,4,1,2,3,2,1,1,1,4,2,2,2,3,4,4,3,4,IE
151,3,3,3,4,3,4,4,1,2,4,1,1,3,1,2,4,1,2,2,2,2,1,2,3,1,3,1,4,1,4,4,3,4,1,4,2,2,3,1,4,2,4,2,2,4,2,2,4,3,2,2,1,4,4,3,4,2,2,1,4,EI
152,4,4,3,4,4,1,4,4,1,4,4,2,3,3,3,2,1,3,1,3,3,2,4,3,4,2,2,1,3,4,1,2,2,2,2,3,2,1,1,4,4,2,4,4,4,2,2,1,3,3,2,4,3,4,3,4,2,1,2,2,N
153,4,1,4,1,1,1,1,4,2,2,2,4,3,2,3,4,3,3,3,4,2,1,4,2,2,2,3,2,3,4,1,1,2,1,3,4,1,2,1,3,2,3,3,2,4,4,3,3,3,4,2,1,4,2,2,2,3,4,2,3,N
154,3,2,3,4,1,1,4,2,3,4,1,4,4,1,4,3,4,4,3,1,2,1,1,4,3,2,4,1,1,4,4,3,4,4,4,3,4,4,2,2,3,2,4,2,2,2,4,4,4,4,1,2,3,4,4,4,1,3,2,3,EI
155,2,2,4,2,2,2,2,3,2,2,4,2,2,4,3,2,4,2,4,3,3,3,2,3,2,3,4,2,2,4,4,3,4,1,4,2,4,2,2,2,2,4,2,2,2,2,4,4,4,4,2,2,3,4,1,4,2,3,4,4,EI
156,2,3,2,1,1,1,3,1,2,1,1,1,4,2,3,4,1,4,3,4,4,1,4,1,4,2,1,4,3,3,4,4,3,4,1,1,4,1,1,4,3,1,3,4,4,2,1,3,3,2,2,1,1,4,3,4,4,3,1,3,N
157,4,4,2,4,1,2,2,2,3,2,2,3,2,3,4,4,3,1,3,2,2,3,4,4,4,2,2,3,2,1,2,3,4,1,4,1,3,4,2,3,3,3,3,2,2,3,1,3,2,3,4,2,1,2,1,4,1,3,2,1,N
158,1,4,3,3,3,4,2,1,2,2,3,4,3,2,2,2,2,1,2,2,2,3,2,2,1,2,3,2,1,4,2,3,4,3,2,2,3,4,2,1,4,2,1,1,1,2,1,2,3,2,2,1,2,2,2,3,2,2,1,2,N
159,2,2,3,4,4,4,2,4,4,4,1,2,4,2,4,2,2,1,4,4,2,2,4,1,2,3,2,2,2,4,4,2,4,1,4,1,4,4,1,3,4,4,4,4,2,2,1,4,1,2,3,3,4,2,4,4,3,2,3,4,N
160,3,4,2,1,4,4,1,1,3,4,4,2,3,4,4,2,4,1,1,4,2,1,2,2,1,4,4,4,3,4,2,2,2,4,4,3,1,2,4,3,4,3,4,4,1,1,2,2,4,2,1,2,3,4,1,4,2,3,2,1,N
161,3,1,3,3,2,3,4,2,2,1,1,3,2,1,2,1,3,3,3,2,3,2,3,3,2,1,1,2,3,1,3,4,2,2,3,3,4,3,4,1,3,1,3,1,4,3,3,3,4,4,2,3,2,3,4,3,2,2,2,2,N
162,2,3,2,3,4,2,2,3,4,3,4,2,1,2,4,4,2,2,1,4,2,3,4,2,1,3,2,3,1,2,3,2,1,4,4,2,2,2,2,1,1,4,4,4,4,3,3,3,2,3,4,3,3,3,2,3,1,3,3,2,N
163,2,4,1,4,3,4,1,2,1,1,4,2,2,3,4,3,1,4,2,2,2,1,3,4,3,3,4,3,1,4,4,3,1,1,4,1,4,2,3,2,3,4,1,4,4,1,3,4,3,4,3,2,3,3,4,4,1,1,2,3,EI
164,2,3,4,2,1,1,1,3,4,2,1,1,1,4,1,4,3,4,2,1,1,1,3,4,2,1,2,2,3,2,2,3,4,2,1,1,4,1,1,1,1,4,2,3,4,2,3,4,2,3,2,2,3,4,2,3,4,2,2,2,N
165,4,4,3,4,3,2,1,4,4,3,4,4,4,1,4,3,1,2,3,4,2,1,1,2,2,3,4,1,2,4,2,1,1,3,4,2,3,2,1,4,1,2,4,2,1,4,1,1,4,4,4,1,2,3,4,2,2,4,3,2,N
166,1,2,3,3,2,3,4,2,3,2,1,4,4,3,4,4,1,1,3,3,4,1,1,2,1,1,4,1,1,4,2,4,4,4,1,4,4,2,3,4,1,4,3,3,3,2,1,4,1,1,1,2,3,4,2,4,2,1,4,4,N
167,2,3,2,1,4,3,2,3,2,2,2,3,3,2,3,2,2,3,2,3,2,3,1,2,2,3,1,2,1,4,4,4,4,4,1,3,3,2,2,4,4,1,4,4,2,2,2,2,2,3,4,2,3,4,3,4,3,1,1,2,IE
168,1,2,3,2,3,2,2,3,2,3,2,2,2,3,2,3,2,3,2,2,2,3,2,2,2,3,2,2,1,4,2,1,1,1,2,2,2,3,2,1,1,4,2,3,4,1,4,4,4,4,2,1,4,2,3,2,2,1,4,3,IE
169,2,1,2,3,3,4,1,4,2,2,2,1,4,4,1,4,3,3,4,4,1,4,4,2,3,4,2,1,4,3,1,1,3,2,3,1,2,4,1,3,3,1,3,4,2,2,1,2,3,4,2,1,3,3,3,2,1,1,2,2,N
170,4,3,4,1,2,4,1,4,4,4,2,3,4,4,4,2,3,4,2,2,4,4,4,3,4,2,2,2,1,4,4,3,1,2,2,1,4,4,4,1,4,3,3,4,2,1,3,4,4,4,4,2,1,4,3,4,2,2,2,4,EI
171,3,3,4,1,4,4,1,4,1,1,4,1,3,2,1,2,1,2,1,2,1,4,3,2,2,2,2,3,4,1,2,2,1,3,2,3,4,2,3,3,2,2,2,3,4,1,4,3,1,2,1,2,1,4,4,4,4,2,2,1,N
172,4,1,3,3,3,3,2,1,2,2,3,3,4,1,2,2,2,2,3,4,3,2,1,2,3,4,3,4,3,4,1,1,2,1,2,3,4,1,1,4,2,3,3,3,2,3,3,3,4,4,1,2,1,1,4,4,2,1,2,2,N
173,4,1,4,4,3,4,1,1,4,4,1,2,4,3,2,2,3,3,2,2,2,2,1,4,4,1,4,2,2,4,4,3,4,1,4,1,1,4,2,4,2,1,4,3,2,4,4,4,4,4,2,1,2,4,4,4,4,1,3,4,EI
174,4,2,1,2,1,4,2,2,1,2,3,4,2,2,4,4,3,2,2,3,3,2,2,2,2,3,4,2,1,4,1,1,2,2,3,1,4,1,4,2,3,4,2,3,2,2,4,2,1,3,2,3,2,2,2,3,4,2,3,4,IE
175,2,3,4,1,4,4,2,3,3,4,4,1,2,4,2,2,2,2,2,1,3,3,2,1,3,3,4,2,1,4,4,1,4,2,1,4,2,4,2,1,1,2,2,1,3,3,3,4,2,1,4,4,4,2,1,1,1,2,3,4,IE
176,2,1,4,1,4,2,4,4,1,2,3,4,4,4,2,3,4,3,1,1,2,1,4,2,3,3,2,2,4,4,4,3,1,1,4,1,4,4,1,1,2,3,4,4,4,4,1,3,4,4,1,1,1,3,4,4,4,1,3,4,EI
177,3,2,1,3,3,4,4,4,4,1,4,1,4,2,1,2,2,1,3,2,2,4,2,3,4,2,1,2,1,1,4,3,4,1,2,2,2,3,2,1,3,4,4,4,1,1,3,4,4,4,4,3,3,3,4,4,1,4,2,1,N
178,1,2,3,2,3,2,2,3,2,3,2,2,2,3,2,3,2,3,2,2,2,3,2,2,2,3,2,2,1,4,2,1,1,1,2,2,2,3,2,1,1,4,2,3,4,1,4,4,4,4,2,1,4,2,3,2,2,1,4,3,IE
179,4,2,2,3,2,2,3,4,2,2,1,2,2,2,2,3,3,2,2,3,2,2,2,2,1,2,1,2,3,2,2,1,2,3,2,3,4,1,3,3,2,1,2,2,3,2,3,3,2,2,3,2,3,4,4,3,3,2,2,3,N
180,3,4,3,4,2,3,4,1,2,1,4,2,1,4,2,3,2,1,3,3,4,2,3,4,4,4,4,1,1,4,4,3,4,1,4,4,1,4,2,3,1,1,4,4,1,1,2,3,3,2,2,3,4,4,2,2,1,4,2,2,EI
181,1,4,3,3,4,2,2,3,3,3,4,1,3,2,3,4,4,2,4,1,2,1,2,1,3,2,4,3,4,4,2,3,1,3,4,1,3,3,2,1,4,1,2,1,1,2,2,2,3,2,4,1,2,3,3,2,4,3,4,4,N
182,2,3,2,1,2,3,2,3,4,2,3,3,4,3,1,2,3,2,2,2,3,2,2,2,3,2,2,2,1,4,4,3,4,2,2,2,4,2,2,2,2,3,4,2,1,3,2,2,2,3,1,1,1,1,4,2,3,3,2,4,IE
183,2,2,1,1,2,1,4,2,1,2,2,1,1,3,1,3,2,3,3,2,3,3,2,3,2,2,2,2,1,4,3,4,1,4,2,1,3,2,4,2,3,1,2,1,4,2,2,3,3,3,4,2,1,1,3,4,2,3,2,3,N
184,4,4,1,1,4,4,2,3,4,3,4,1,4,1,1,4,1,4,2,2,3,4,1,2,2,3,4,2,2,4,1,2,1,2,4,2,3,2,2,2,3,2,2,2,2,2,3,4,2,2,2,2,3,3,2,3,1,2,1,2,N
185,4,4,2,3,3,3,4,1,4,1,1,4,4,4,3,4,4,1,2,1,4,1,4,4,2,3,2,2,3,1,4,2,2,2,2,1,2,2,1,4,4,4,1,3,4,2,3,3,1,4,2,2,1,1,4,2,1,4,3,2,N
186,2,4,4,2,2,3,2,4,2,1,1,4,2,2,2,1,2,4,4,2,2,2,4,2,3,4,4,4,4,4,3,4,2,2,4,3,2,2,2,4,2,4,2,2,4,4,4,4,2,4,4,1,4,2,1,4,4,2,2,2,N
187,1,4,4,1,4,3,3,3,4,4,3,1,1,1,4,1,3,3,4,4,3,1,1,1,3,4,1,4,4,4,2,1,3,3,3,1,1,4,1,3,3,3,4,2,2,1,3,4,4,4,3,3,4,2,1,1,1,1,4,3,N
188,4,3,4,4,4,1,2,2,1,2,1,4,2,2,1,4,4,1,2,4,4,2,2,2,3,3,2,1,1,4,1,3,1,4,4,4,4,2,3,4,1,4,4,4,1,4,4,2,2,1,1,4,4,4,4,1,1,2,1,3,N
189,4,4,1,4,2,2,3,4,1,2,4,2,3,4,2,2,2,4,2,3,2,3,2,3,2,2,4,2,1,4,2,3,4,4,2,2,3,3,2,3,4,4,3,2,2,1,1,4,2,1,2,4,3,2,4,4,3,4,1,4,IE
190,1,2,2,2,1,2,3,3,3,3,2,2,3,2,3,3,2,2,1,2,3,2,3,4,4,1,4,2,1,4,2,1,3,2,4,4,3,4,1,4,3,3,3,4,2,3,4,3,4,4,1,2,1,1,4,4,4,2,1,2,IE
191,4,4,4,2,2,4,4,4,4,4,1,2,4,4,2,4,4,2,3,2,2,2,2,4,2,4,2,4,4,2,3,2,2,1,4,2,4,4,2,3,2,4,4,4,4,1,3,2,2,2,4,4,2,2,4,4,4,2,2,2,N
192,3,3,3,4,4,1,4,3,4,1,3,2,4,4,2,2,2,2,2,1,4,1,4,4,4,1,1,4,1,4,4,3,4,1,4,3,4,2,2,3,4,4,2,2,1,4,2,2,3,3,2,1,3,2,2,1,2,3,2,3,EI
193,4,3,4,1,3,2,1,1,4,2,3,4,3,3,3,3,3,3,2,3,2,3,2,2,3,3,2,2,1,4,1,1,3,3,3,1,1,4,4,4,1,2,4,2,3,4,3,4,1,1,4,2,1,1,3,2,1,3,4,4,IE
194,1,2,1,4,2,3,2,2,1,4,1,1,4,3,3,4,1,1,1,1,3,4,2,1,1,3,3,1,4,1,4,3,1,2,2,1,4,4,1,1,1,2,1,4,4,1,4,3,3,3,2,3,3,3,3,2,2,2,3,2,N
195,1,1,2,3,4,1,1,1,4,3,1,2,3,2,2,2,3,2,2,3,3,3,3,2,3,4,4,2,1,4,4,1,2,4,1,2,1,1,2,3,3,1,1,3,4,2,2,3,4,2,2,3,1,3,3,1,2,1,1,1,IE
196,1,1,2,3,1,3,1,3,3,4,2,4,4,1,2,1,3,3,4,1,4,4,3,4,4,1,2,4,4,2,1,1,4,2,1,4,4,3,4,4,1,4,2,3,4,4,2,3,2,3,4,3,4,4,4,1,2,1,2,1,N
197,2,1,3,4,4,2,3,4,1,1,4,4,4,4,1,1,1,3,2,1,2,2,1,2,2,3,3,2,1,2,1,4,2,2,2,3,4,1,2,2,4,1,4,1,1,4,3,3,3,1,1,3,2,3,4,2,2,3,2,2,N
198,1,4,4,1,4,1,4,1,1,1,3,3,1,1,1,1,3,3,3,1,3,3,1,3,3,3,3,1,1,4,4,3,3,2,3,3,1,1,3,1,3,1,2,1,1,1,2,3,1,4,3,1,3,1,3,3,1,3,2,1,N
199,3,2,3,3,1,4,4,1,4,4,3,3,3,3,4,3,2,3,2,3,3,2,2,2,3,3,3,3,1,4,4,1,3,2,1,1,3,2,3,2,2,2,2,1,3,2,2,1,4,1,2,2,3,1,2,3,2,3,4,2,IE
200,1,2,3,1,2,2,3,4,1,2,3,2,1,4,4,1,1,3,2,4,4,2,3,2,3,4,4,1,1,4,4,3,4,1,4,2,1,2,2,1,4,2,4,2,3,2,2,3,3,5,4,4,1,1,4,2,2,3,2,2,EI
201,3,2,2,1,1,2,1,3,4,4,1,4,4,1,1,1,2,4,2,1,1,2,1,4,1,1,1,3,2,2,4,3,4,1,4,3,4,4,1,3,4,2,2,4,3,2,3,2,2,2,2,3,1,4,4,2,4,4,4,4,EI
202,4,2,2,1,2,1,4,2,2,2,1,4,3,3,3,3,3,2,3,2,3,4,1,2,2,2,1,3,1,4,3,2,3,3,4,2,4,2,2,2,2,1,4,4,1,4,3,2,3,3,2,1,4,3,4,3,4,3,4,1,IE
203,1,4,1,1,4,2,2,4,4,1,1,4,3,4,4,3,4,1,1,4,1,2,4,2,1,2,2,3,4,2,4,4,4,1,2,1,3,4,1,3,2,1,3,2,2,3,1,2,2,2,4,1,4,1,3,4,4,3,4,4,N
204,1,1,2,2,3,1,4,1,4,4,2,2,1,1,4,4,3,3,2,1,1,4,3,3,3,1,2,2,2,1,3,2,3,2,2,1,4,3,1,4,2,2,3,1,4,2,1,1,3,1,3,3,3,4,2,1,1,2,1,3,N
205,1,3,1,3,4,1,4,4,1,1,4,1,1,1,3,2,1,1,4,1,3,3,2,3,3,1,2,3,4,1,3,1,1,1,2,3,2,1,1,4,4,1,4,4,2,1,4,1,4,1,2,2,2,4,3,4,2,3,4,1,N
206,1,4,2,4,4,2,3,4,4,2,1,3,1,2,2,3,3,2,2,2,1,2,3,2,1,2,4,4,1,4,4,2,2,1,3,2,2,1,4,4,2,2,3,3,4,3,3,3,4,1,4,2,4,4,4,4,2,4,1,4,N
207,1,1,3,1,3,2,1,1,2,4,3,1,1,3,1,4,3,3,2,3,4,4,1,1,2,3,1,1,1,4,4,3,1,1,4,4,2,1,3,3,1,2,3,3,3,1,3,3,3,4,2,3,2,3,2,2,3,4,4,1,EI
208,4,1,1,4,4,2,3,3,4,1,4,4,2,2,3,4,4,1,4,3,3,3,4,1,4,1,2,2,1,4,2,2,3,4,4,2,2,1,1,2,1,3,1,1,2,1,1,4,1,2,2,3,2,1,3,2,3,2,3,3,N
209,2,2,2,2,3,1,4,1,3,4,1,1,4,3,2,3,2,2,1,3,4,1,4,2,3,1,2,1,1,4,4,4,2,2,3,4,4,3,4,3,1,3,2,2,1,4,4,3,4,1,3,2,3,1,4,3,1,1,3,3,N
210,4,2,3,2,3,2,1,2,1,4,2,2,3,3,2,3,2,3,2,2,2,2,1,2,2,2,4,2,1,4,1,1,4,4,1,4,1,1,3,1,1,4,1,1,3,4,1,1,1,1,4,4,3,2,1,3,1,4,1,1,IE
211,1,3,4,2,2,2,2,2,1,3,4,4,1,4,4,1,2,3,4,3,4,3,4,1,3,2,3,2,2,1,3,2,2,3,4,4,4,1,1,4,4,4,4,4,2,3,2,1,3,3,2,1,2,1,4,1,4,1,4,1,N
212,1,3,3,2,2,1,1,1,1,1,3,4,2,3,3,3,2,3,3,3,2,2,2,2,2,3,4,2,1,4,4,3,4,1,4,1,1,4,1,3,4,1,2,1,4,1,4,4,1,1,4,1,1,4,3,1,4,1,4,1,IE
213,2,4,2,3,2,1,4,2,2,2,4,2,3,2,2,3,3,3,2,1,2,2,2,3,2,3,4,2,1,4,4,1,4,1,4,2,2,3,2,4,3,4,4,2,1,4,4,2,2,1,4,3,4,4,1,4,4,4,1,2,IE
214,4,2,1,4,1,4,4,2,1,4,3,4,4,4,4,4,3,4,4,4,2,1,4,2,1,3,3,3,1,2,1,4,1,1,1,1,3,2,3,4,3,4,1,3,4,1,4,1,2,1,2,2,1,2,1,1,1,1,2,2,N
215,1,3,3,1,1,3,3,3,2,3,1,1,3,3,3,2,3,3,3,3,3,3,3,3,2,2,2,3,1,4,1,1,2,3,4,3,3,1,2,3,1,1,1,2,3,4,1,4,3,2,1,4,1,1,4,3,3,3,1,2,IE
216,2,3,2,3,1,2,3,1,1,1,1,1,3,1,3,1,1,1,1,1,3,3,1,4,2,3,4,4,4,2,4,3,4,4,3,1,4,3,4,2,1,3,4,4,2,3,4,3,2,1,3,2,2,2,1,4,3,3,1,2,N
217,2,2,2,1,4,4,1,4,4,4,4,3,4,4,1,2,2,2,1,2,1,4,2,2,2,1,4,4,4,1,4,4,2,2,4,1,1,1,4,2,4,2,4,4,4,2,4,4,4,2,1,4,4,2,1,4,1,4,4,2,N
218,2,3,3,2,3,2,3,2,2,4,4,3,2,3,4,3,2,3,2,2,4,4,3,1,3,2,1,2,1,4,4,1,1,1,1,4,2,1,2,1,4,3,4,2,1,4,1,4,2,4,2,3,3,4,3,1,2,1,2,1,IE
219,3,3,2,2,3,2,3,3,3,3,1,2,2,1,1,4,4,1,2,2,2,4,2,2,1,1,2,1,3,4,4,3,1,4,4,3,4,3,3,3,3,4,4,2,3,2,4,1,4,4,2,2,4,2,2,1,3,2,2,3,EI
220,2,3,3,2,2,1,4,3,4,2,2,3,4,4,4,2,3,3,2,1,2,2,2,2,3,4,1,1,2,1,3,2,1,4,2,4,1,4,1,2,3,3,2,1,3,3,4,2,2,2,4,3,4,1,2,2,3,1,4,4,N
221,3,3,4,3,1,1,3,2,3,4,1,4,1,1,4,1,4,4,1,4,1,1,4,3,1,3,1,4,4,4,1,2,2,3,3,3,2,2,3,4,1,2,1,3,4,1,4,4,4,4,1,4,3,2,2,1,1,3,2,3,N
222,3,1,3,4,3,4,1,4,4,1,2,4,2,1,4,1,3,4,3,2,3,4,4,3,1,1,3,4,1,4,4,3,1,1,3,4,3,2,3,2,3,3,3,3,3,2,2,3,3,4,3,2,3,3,3,4,1,4,3,4,EI
223,1,2,1,2,3,4,1,1,3,4,2,3,4,1,4,1,3,2,1,4,4,1,4,2,1,4,4,1,1,3,4,1,3,4,2,2,1,3,3,1,4,4,2,3,2,1,1,4,1,1,4,1,1,4,1,3,4,4,1,4,N
224,4,1,1,4,3,2,1,3,2,3,2,1,4,1,1,1,3,4,3,3,3,4,1,2,2,3,2,2,1,4,4,3,1,1,4,1,3,4,2,3,3,2,3,2,3,2,3,4,1,2,1,3,1,4,2,3,3,3,2,2,EI
225,1,1,4,4,1,2,1,2,4,4,4,2,1,4,2,1,4,1,2,1,4,3,4,4,3,2,1,4,3,2,2,3,3,3,2,3,3,4,4,2,3,2,3,4,2,3,4,1,2,1,2,3,2,4,1,4,2,2,2,1,N
226,2,1,4,2,3,4,4,2,2,3,3,3,4,1,2,1,2,2,3,1,2,2,1,4,4,1,4,3,3,3,4,3,1,1,4,2,3,2,3,3,4,4,4,4,1,1,3,4,4,4,3,4,2,4,2,1,3,2,1,4,EI
227,1,4,2,3,2,4,4,2,2,2,1,4,2,3,3,4,4,2,3,2,1,4,2,2,2,4,1,2,1,2,1,4,2,2,3,4,2,3,2,1,4,2,2,2,1,4,3,3,2,1,4,2,3,2,4,4,2,3,2,1,N
228,1,3,2,1,1,2,1,1,3,4,3,2,4,2,2,1,1,1,4,2,2,2,1,3,4,4,3,4,4,3,3,1,2,3,2,3,4,3,4,3,3,3,4,2,3,4,4,3,4,3,3,4,4,3,4,1,4,1,4,4,N
229,2,2,1,1,3,4,4,1,1,4,2,1,4,2,3,4,4,2,3,3,2,1,2,3,4,2,3,2,1,4,4,3,1,1,2,1,1,3,3,3,1,1,1,4,3,1,1,2,1,3,3,1,1,2,3,3,1,3,3,4,EI
230,1,2,1,1,1,4,1,1,3,4,4,1,1,1,1,4,3,2,1,4,1,4,4,4,1,3,4,1,1,2,3,3,4,1,2,1,4,3,3,3,3,3,4,4,3,4,4,2,1,2,4,4,3,1,1,2,1,4,2,2,N
231,4,4,4,2,2,3,4,4,2,2,2,2,2,2,2,1,3,2,3,2,3,4,3,2,3,3,4,2,1,4,4,1,2,1,1,3,4,2,2,4,3,2,3,3,2,3,4,3,2,3,2,4,3,4,4,4,4,2,1,3,IE
232,1,4,1,3,4,2,3,3,3,2,2,3,1,1,4,2,2,1,4,1,4,4,1,1,4,3,4,3,4,1,4,2,2,2,1,1,1,4,4,1,2,2,2,3,3,4,1,3,2,1,1,3,3,2,3,4,1,1,3,3,N
233,2,2,1,4,2,2,3,2,3,2,3,2,1,3,4,2,3,3,3,3,4,4,2,2,1,4,1,2,1,4,4,3,1,1,4,4,4,2,2,1,2,2,2,2,1,4,4,2,3,1,3,4,4,4,1,4,1,4,3,3,EI
234,2,1,4,2,3,4,4,2,1,3,1,3,4,1,2,1,2,2,3,1,3,2,1,4,4,1,4,3,3,3,4,3,1,1,4,2,3,2,3,3,4,4,4,3,1,1,3,4,4,4,3,4,2,4,2,3,3,2,1,4,EI
235,4,4,1,2,4,1,2,4,3,2,2,3,4,2,4,4,4,4,2,4,1,4,2,3,4,2,1,4,1,4,4,2,3,4,2,4,4,4,1,4,4,1,4,2,3,4,4,4,2,2,4,4,2,3,2,4,2,4,4,1,N
236,4,3,1,4,3,3,3,2,1,4,1,1,4,1,1,4,3,1,3,3,4,4,3,1,4,2,1,4,1,2,3,4,3,4,2,2,3,2,3,4,1,1,4,2,1,4,3,2,1,3,1,4,1,3,4,2,2,1,1,3,N
237,1,4,2,2,3,4,4,4,2,3,4,1,2,2,2,2,1,2,4,3,2,3,4,4,2,2,1,2,1,4,4,2,2,2,4,2,4,3,4,2,3,4,2,2,2,2,4,4,1,1,4,3,2,3,1,3,4,2,4,3,IE
238,3,2,1,3,2,3,1,1,1,3,2,1,3,1,4,4,2,1,1,4,2,3,2,1,4,2,2,1,3,1,4,4,2,1,4,4,4,3,1,3,1,3,3,3,3,2,1,4,1,4,1,4,4,1,2,3,4,4,3,3,N
239,1,4,1,1,4,4,2,3,2,3,4,2,4,2,4,1,2,4,2,2,1,1,4,2,3,4,4,1,2,1,1,4,4,2,2,2,1,4,1,3,3,2,1,2,4,1,2,2,3,4,4,3,2,2,3,4,4,3,2,4,N
240,4,2,3,4,1,2,3,2,2,1,2,1,1,2,2,1,4,4,1,4,3,2,3,3,3,3,2,1,2,3,1,3,1,3,1,1,3,3,3,2,1,1,4,1,1,3,3,2,3,1,3,1,4,1,1,4,3,1,4,1,N
241,2,4,2,1,2,1,2,4,4,4,4,4,4,2,1,2,1,4,2,4,2,2,3,2,2,2,3,2,4,2,4,1,4,2,2,4,4,3,4,2,4,1,1,1,4,4,4,4,2,2,4,2,2,3,4,2,4,4,3,4,N
242,2,3,2,4,4,4,2,3,2,1,3,3,2,3,2,3,3,2,2,3,3,3,2,3,2,2,1,2,1,4,3,3,4,2,3,4,2,3,4,1,2,1,2,4,2,2,4,1,2,2,4,2,2,3,4,2,3,4,2,3,IE
243,2,4,1,2,3,3,2,2,2,2,1,2,2,2,2,1,4,4,2,4,3,4,4,3,1,3,3,2,1,4,4,3,4,2,1,2,4,2,1,2,1,4,4,2,2,4,2,2,2,3,2,4,3,4,4,2,2,2,2,4,EI
244,4,2,3,4,1,3,1,1,1,4,2,3,4,2,2,3,4,2,2,3,4,3,3,4,2,2,1,1,1,4,4,3,1,3,3,1,3,4,2,1,1,1,1,4,1,1,3,1,4,1,1,1,1,1,1,1,4,1,4,3,EI
245,4,2,1,2,1,4,2,2,1,2,3,4,2,2,4,4,3,2,2,3,3,2,2,2,2,3,4,2,1,4,1,1,2,3,3,1,4,1,4,2,3,4,2,3,2,2,1,2,1,3,2,3,2,2,2,3,4,2,3,4,IE
246,1,2,3,3,2,1,4,3,4,4,1,4,4,1,1,1,2,1,1,2,3,4,1,1,4,1,3,4,1,4,4,3,4,4,1,1,1,3,1,1,2,1,4,1,3,2,1,3,1,4,1,1,3,4,1,4,1,1,4,2,EI
247,2,2,4,2,2,2,3,2,1,4,1,4,1,4,2,1,4,2,2,3,2,2,2,4,1,4,1,2,1,4,4,3,1,1,4,4,4,2,4,2,1,4,2,4,3,4,4,4,4,4,1,2,2,2,4,3,4,2,3,2,EI
248,1,1,4,4,3,2,2,2,4,4,1,4,1,4,2,3,4,1,4,2,1,4,3,2,1,1,4,1,3,4,4,3,4,4,4,4,2,2,2,1,4,4,3,2,3,3,4,4,4,1,4,1,2,4,4,4,2,1,4,4,EI
249,2,4,2,2,3,2,1,4,4,1,1,2,2,3,2,4,3,2,3,2,2,2,2,1,2,2,3,1,1,4,4,4,2,3,4,2,2,3,3,3,2,1,1,3,4,1,2,4,3,3,3,1,3,3,4,2,4,2,2,1,IE
250,3,1,1,3,3,3,3,2,1,3,2,1,1,1,3,3,1,3,3,2,2,3,3,3,3,3,4,3,1,4,2,3,2,4,1,3,4,1,1,2,3,3,2,4,4,4,1,3,4,1,1,4,4,4,1,1,4,4,2,3,IE
251,3,3,4,2,2,2,1,1,1,1,2,1,3,2,3,4,4,2,1,1,1,4,3,3,4,1,1,3,3,4,2,3,3,2,2,1,1,1,1,4,3,3,2,1,2,1,3,3,3,1,3,2,1,4,1,1,4,4,1,2,N
252,3,3,2,4,2,4,1,4,3,4,3,4,1,4,1,4,4,4,1,1,4,2,4,2,2,4,2,4,4,2,2,3,4,3,1,3,3,3,2,3,1,4,1,2,2,3,4,2,2,2,3,3,2,4,2,2,3,4,4,3,N
253,3,1,4,3,1,1,1,1,1,2,1,2,2,1,2,3,3,1,2,3,1,1,1,3,1,4,2,3,4,1,3,3,3,4,2,3,1,1,1,4,2,1,4,1,2,2,3,2,1,3,3,2,2,1,3,3,3,1,1,4,N
254,3,3,1,3,4,2,3,3,3,2,2,3,3,3,1,3,2,2,2,3,2,3,4,3,1,3,1,2,1,4,4,1,4,1,2,1,4,1,2,2,1,1,2,3,1,4,1,1,4,1,3,4,1,4,1,1,4,3,2,3,IE
255,4,2,3,4,1,4,4,1,3,4,1,1,4,1,1,3,4,4,1,1,4,1,4,1,3,3,1,2,4,1,3,2,1,3,3,4,2,3,4,3,2,3,2,2,1,1,2,2,3,3,2,1,2,2,1,4,3,4,4,1,N
256,3,4,1,2,2,3,4,1,3,2,3,2,3,1,2,3,2,3,2,2,2,2,2,3,4,4,2,2,1,4,2,3,4,1,4,4,1,4,4,1,4,1,1,2,2,2,4,4,2,2,3,3,2,3,4,4,1,1,2,2,IE
257,3,1,2,1,4,2,2,1,2,2,1,3,4,1,4,1,1,4,4,1,2,1,2,3,2,4,2,3,4,2,2,3,4,4,4,3,4,2,4,1,2,3,4,2,1,2,1,4,2,1,4,3,3,2,2,1,2,1,4,4,N
258,3,3,2,2,3,1,3,3,2,3,3,2,2,1,2,1,3,2,2,3,2,3,2,2,1,4,2,1,2,2,3,3,3,3,4,3,3,3,2,2,3,4,1,2,3,3,3,3,3,1,1,3,1,1,3,3,4,2,2,1,N
259,4,4,4,2,4,4,4,4,2,3,4,1,2,2,4,1,4,4,4,4,4,3,4,4,4,4,2,2,1,4,4,3,3,2,3,2,1,2,1,2,2,2,3,2,2,1,4,3,4,4,1,3,4,1,3,3,4,4,2,3,IE
260,2,2,3,4,2,2,2,2,2,4,4,2,2,2,2,2,3,3,2,3,2,3,3,3,2,3,4,2,1,4,1,2,1,1,1,2,3,4,4,3,2,1,1,4,3,4,3,4,1,4,4,4,2,1,3,2,1,4,2,2,IE
261,2,3,2,2,2,2,1,2,2,2,1,2,2,3,4,3,2,2,1,2,2,2,4,2,2,2,4,2,1,4,1,3,2,4,2,3,3,2,2,3,4,4,1,4,2,2,1,4,4,2,1,1,4,1,1,2,3,2,2,1,IE
262,2,1,4,1,4,4,4,4,2,2,3,2,2,2,4,4,1,2,2,3,2,2,4,4,4,4,2,3,2,2,1,1,4,4,3,4,3,3,2,2,3,4,4,1,2,2,1,1,1,4,4,4,4,4,1,1,4,2,1,4,N
263,4,2,1,2,1,4,2,2,1,2,3,4,2,2,4,4,3,2,2,3,3,2,2,2,2,3,4,2,1,4,1,1,3,2,3,1,4,1,4,2,3,4,2,3,2,2,4,2,1,3,2,3,2,2,2,3,4,2,3,4,IE
264,4,2,2,3,2,4,4,1,2,3,3,4,4,1,1,1,2,4,3,2,2,4,4,4,3,3,1,2,1,4,4,3,4,1,4,1,4,2,4,4,1,4,4,4,2,1,4,2,3,2,1,4,4,4,4,4,1,3,3,4,EI
265,4,1,1,4,1,1,4,1,4,1,2,4,4,3,3,4,1,4,3,3,3,1,1,4,2,2,1,1,3,2,2,1,3,2,1,2,3,4,1,3,4,1,3,4,1,2,2,3,4,4,1,4,4,2,2,1,3,2,4,2,N
266,4,4,4,2,3,2,3,2,2,3,4,1,2,1,2,1,2,3,2,3,2,2,2,2,2,3,4,2,1,4,1,4,4,3,2,2,1,4,4,4,4,1,2,2,2,1,1,2,1,4,2,2,2,2,1,4,2,1,1,4,IE
267,1,2,2,3,2,3,1,1,1,1,2,3,1,1,2,2,3,4,2,2,3,2,3,2,1,4,3,3,2,3,4,1,1,3,2,2,1,4,1,2,1,4,1,1,3,2,1,1,3,2,2,3,2,1,4,2,3,4,3,4,N
268,3,1,3,4,3,2,3,2,2,1,4,1,3,4,1,3,3,4,1,4,2,1,1,1,3,4,4,4,2,3,2,2,2,1,4,2,3,2,1,1,4,4,4,3,2,2,2,4,4,4,3,3,3,4,1,4,3,2,2,1,N
269,3,1,4,1,4,2,1,1,4,4,4,3,3,2,1,2,3,4,3,3,2,2,3,4,1,1,1,3,2,1,1,4,1,2,2,1,3,2,2,3,3,4,4,4,1,2,2,1,3,4,2,2,3,4,2,2,3,3,3,4,N
270,4,2,2,2,1,3,3,2,2,3,4,2,3,2,1,2,2,3,4,2,3,4,4,4,4,1,1,2,1,3,4,3,4,4,4,2,4,2,1,4,1,2,2,3,4,4,3,2,2,1,1,2,1,3,2,3,1,3,4,1,N
271,4,4,1,3,3,3,1,1,1,1,3,1,3,3,1,3,4,3,3,4,1,1,3,3,4,4,2,3,3,2,3,2,1,2,3,2,3,3,3,3,3,2,2,2,2,3,3,3,3,1,2,3,3,1,4,1,1,2,1,3,N
272,2,3,3,1,3,1,1,2,1,3,2,1,2,1,3,3,3,1,1,1,1,4,2,1,3,2,3,2,1,4,4,3,1,1,2,3,1,3,1,3,3,3,3,4,1,1,3,3,3,3,3,3,1,1,1,1,1,1,4,3,EI
273,1,1,1,4,2,3,1,3,4,2,1,1,3,4,3,2,3,3,2,3,3,3,3,3,3,4,1,1,1,4,4,1,3,1,3,1,1,3,3,4,1,2,1,2,3,4,4,2,1,1,1,1,2,1,1,3,4,2,1,4,IE
274,2,2,2,1,1,4,2,4,4,4,1,3,4,3,4,4,1,4,4,4,2,1,3,4,4,4,2,2,2,2,2,2,3,4,1,4,1,3,2,1,1,4,3,1,2,4,4,4,4,1,4,3,2,1,2,3,4,3,4,2,N
275,4,4,4,1,2,3,2,3,4,1,2,2,1,3,2,3,4,3,3,2,2,2,1,2,1,3,3,2,1,4,2,1,1,4,3,3,2,1,3,3,2,2,3,4,1,4,4,4,2,3,2,2,2,1,4,1,4,1,4,3,IE
276,1,4,3,1,1,2,4,2,2,3,2,2,2,2,2,2,1,4,4,2,3,4,4,3,4,1,1,1,1,1,4,1,1,3,4,1,4,4,1,1,4,2,3,4,2,3,4,1,3,4,1,4,4,3,2,3,3,2,1,1,N
277,3,1,1,3,2,4,3,3,4,1,3,3,2,2,2,3,3,2,2,2,3,2,2,2,3,2,1,2,1,4,1,1,1,4,2,1,3,2,2,2,3,4,4,1,4,1,1,2,1,4,2,2,3,4,4,1,4,4,1,4,IE
278,4,2,3,1,2,2,2,2,2,3,4,2,4,1,4,4,4,1,4,2,3,2,2,1,3,2,3,3,2,4,4,3,1,4,4,2,2,3,4,4,4,4,1,3,4,1,4,3,4,4,2,1,4,4,3,4,2,3,4,2,EI
279,3,4,4,1,2,4,2,3,2,1,2,2,3,1,4,2,3,4,2,1,1,3,4,4,2,3,1,2,1,4,4,3,1,1,4,2,4,2,2,2,2,3,1,1,1,1,3,2,2,2,3,3,3,4,4,4,2,1,2,1,EI
280,4,2,2,1,2,3,3,2,1,4,2,1,1,4,3,3,2,1,3,3,2,2,3,4,1,4,4,4,2,3,2,2,2,1,4,1,4,1,4,3,4,4,4,4,2,3,4,4,3,3,4,2,2,1,4,3,2,1,4,1,N
281,1,3,2,3,2,1,2,3,2,3,2,3,2,2,2,3,4,2,3,3,3,3,1,2,2,2,3,3,1,4,4,4,3,4,1,3,3,2,3,4,4,4,4,4,2,2,2,1,2,3,3,4,3,2,3,4,3,1,1,3,IE
282,1,2,3,3,3,4,4,4,3,1,2,3,4,2,4,1,2,2,3,2,1,1,2,3,1,3,3,4,3,4,4,3,4,1,4,2,3,4,2,2,3,4,4,4,3,1,4,4,4,4,4,2,2,3,4,1,4,3,3,4,EI
283,2,2,2,1,2,3,2,3,4,1,2,3,4,3,4,2,2,2,3,2,3,4,2,2,2,3,4,2,1,4,4,1,4,1,4,3,1,3,4,1,2,2,3,4,2,4,4,2,4,2,3,4,4,4,1,4,1,1,4,3,IE
284,2,1,4,2,3,4,4,2,2,1,3,3,4,1,2,1,2,2,3,1,2,2,1,4,4,1,4,3,3,3,4,3,1,1,4,3,3,2,3,3,4,4,4,4,1,1,3,4,4,4,3,4,2,4,4,4,3,2,1,4,EI
285,1,2,4,3,3,3,2,1,3,4,1,1,4,3,3,3,1,3,3,3,3,4,2,2,3,3,2,2,1,4,2,3,3,2,2,1,3,1,3,3,4,4,1,3,3,2,3,3,1,2,2,1,1,3,4,3,1,2,3,4,IE
286,2,1,4,4,4,1,2,3,2,1,4,4,2,1,4,1,1,3,3,2,1,1,3,2,3,2,2,4,1,4,4,3,1,4,1,3,3,3,2,2,3,2,4,4,1,4,3,2,3,1,3,3,3,3,3,2,2,2,1,2,EI
287,1,3,3,2,2,2,3,1,2,4,4,1,1,1,2,3,1,4,2,1,1,3,4,4,4,3,2,3,2,2,3,4,4,2,2,1,3,2,3,4,4,1,3,2,3,2,4,3,4,4,1,1,4,4,4,1,4,2,2,3,N
288,2,3,2,2,2,3,4,1,3,4,2,2,2,3,2,1,4,1,1,3,2,3,2,2,2,2,1,2,1,4,4,2,2,4,2,2,3,4,1,3,2,3,3,3,4,1,2,1,1,2,3,3,4,1,1,4,1,1,1,3,IE
289,2,4,2,3,2,2,1,1,2,3,2,3,1,2,2,4,2,3,4,2,3,1,2,2,1,1,3,4,1,4,4,3,3,2,2,3,4,1,4,4,3,2,1,2,1,4,3,4,3,3,3,3,2,2,1,1,4,3,2,3,N
290,4,4,1,1,4,1,4,4,4,1,1,3,2,2,2,1,3,2,1,1,1,4,3,2,1,4,2,2,4,3,4,3,4,4,4,4,3,2,3,4,2,1,1,3,4,4,3,4,1,1,3,4,2,2,1,1,1,4,1,3,N
291,2,2,2,4,4,4,2,1,4,2,3,2,2,2,4,2,3,1,2,4,4,1,2,1,2,2,3,2,1,4,4,3,4,1,4,2,4,2,3,4,4,4,2,2,4,4,4,2,2,2,2,4,4,2,2,3,2,2,4,2,EI
292,2,1,1,1,4,3,2,3,1,3,3,3,3,1,3,3,3,3,2,1,3,2,3,3,1,1,3,3,1,4,4,3,3,3,3,3,4,3,1,3,4,1,1,3,1,3,4,2,1,1,4,1,1,4,4,2,1,3,2,2,IE
293,2,3,4,4,4,1,1,4,3,4,2,3,4,3,4,1,1,1,3,1,4,1,3,1,2,2,1,4,4,4,2,2,1,2,4,3,4,2,3,1,2,4,1,4,4,1,2,2,1,4,4,4,2,1,3,2,1,4,2,3,N
294,2,4,2,3,2,1,4,2,2,2,4,2,3,2,2,3,3,3,2,1,2,2,2,3,2,3,4,2,1,4,4,1,4,1,4,2,2,3,2,4,3,4,4,2,1,4,4,2,2,1,4,3,4,4,1,4,4,4,1,2,IE
295,1,4,3,4,3,4,1,2,3,3,2,1,2,2,4,1,1,4,1,2,2,1,4,1,2,2,4,2,1,4,4,3,1,4,4,3,3,1,3,2,3,2,3,4,1,3,2,2,2,3,1,2,2,4,1,4,4,3,2,2,EI
296,1,4,1,3,2,1,4,3,1,1,1,4,1,1,2,4,3,4,4,3,2,1,4,1,4,3,1,4,1,1,2,2,2,2,3,4,1,1,4,3,1,3,3,3,3,3,3,1,1,3,2,2,3,1,2,2,3,2,1,1,N
297,2,1,1,4,4,3,4,1,4,2,3,2,2,2,2,3,2,2,2,3,2,2,1,1,1,1,2,2,1,4,1,2,3,2,1,4,3,4,3,3,2,3,2,2,1,4,2,1,4,2,4,1,4,2,4,3,4,2,2,2,IE
298,2,1,4,4,2,3,4,4,4,4,2,1,4,2,1,3,2,4,1,1,2,2,1,4,1,4,4,1,4,3,4,3,1,2,4,2,2,3,4,4,4,2,2,1,4,1,3,4,4,3,4,3,1,4,2,3,4,4,4,1,EI
299,2,3,2,2,2,3,1,1,4,2,2,4,4,4,4,4,2,2,3,3,4,1,4,3,2,3,3,4,2,1,4,1,4,2,2,1,4,2,2,2,3,2,2,1,2,2,2,2,1,3,2,2,2,1,3,2,2,2,1,2,N
300,3,4,1,4,1,4,2,2,3,2,3,4,1,4,2,4,2,3,3,2,3,3,4,2,1,2,3,3,2,1,3,4,2,3,4,4,4,2,3,4,4,3,3,3,4,2,1,2,1,2,2,2,2,4,3,2,3,3,3,4,N
301,2,3,4,4,3,4,3,4,1,1,3,4,4,2,1,3,3,2,3,2,3,3,3,3,3,3,4,2,1,4,1,2,1,4,1,4,4,1,4,2,3,4,1,1,2,2,4,2,4,1,4,4,3,4,4,2,2,1,2,2,IE
302,1,4,3,2,2,2,4,3,1,4,3,3,2,2,3,3,2,3,2,1,2,3,2,3,4,1,3,4,2,1,3,3,3,1,3,2,1,3,3,2,3,1,1,1,2,2,2,1,4,1,2,3,3,3,2,1,2,1,3,1,N
303,1,1,1,2,2,2,4,2,2,3,2,2,2,1,4,4,3,3,3,1,1,4,2,4,1,3,3,2,3,2,1,3,4,2,2,3,2,1,4,2,2,3,2,2,2,1,4,3,1,4,2,3,4,4,4,1,3,3,1,4,N
304,1,1,1,2,1,3,1,2,1,3,3,4,2,2,1,1,4,4,2,3,1,3,3,2,2,3,1,3,4,3,2,1,3,2,3,4,4,1,2,1,2,1,3,1,3,1,1,1,1,3,4,2,3,4,2,3,1,1,3,4,N
305,2,3,2,2,1,4,4,4,1,4,4,1,1,1,4,4,1,2,3,3,3,4,4,2,3,3,3,2,3,1,4,2,1,4,1,3,1,1,3,2,3,3,2,2,3,3,4,2,3,1,2,3,3,4,4,1,1,4,3,2,N
306,1,1,1,3,4,4,1,4,1,3,4,2,2,1,1,1,1,2,1,4,1,2,2,1,4,4,2,1,2,1,4,1,1,1,4,2,3,4,1,1,4,4,3,4,2,3,4,4,1,4,1,3,4,2,2,1,1,4,3,4,N
307,2,4,2,2,4,2,1,1,4,3,4,4,1,3,2,2,1,4,3,4,2,3,3,2,1,1,2,4,1,3,4,3,4,1,2,3,4,2,2,1,3,2,1,3,2,3,3,2,4,3,4,4,3,4,4,2,2,1,4,2,N
308,3,2,4,1,4,1,2,3,4,4,2,2,1,4,1,3,4,2,3,2,4,3,4,4,1,1,3,3,3,4,4,3,1,3,4,1,1,4,2,3,4,2,3,2,1,3,3,1,2,2,3,2,3,3,3,3,4,3,2,3,EI
309,2,3,4,1,4,4,1,3,3,2,2,3,4,3,3,2,2,3,4,3,1,2,1,3,1,1,1,1,1,3,4,3,1,1,4,3,3,1,1,1,3,3,1,3,4,1,3,3,2,1,4,3,1,1,1,1,3,4,1,3,EI
310,4,2,1,4,3,1,1,1,1,4,2,1,2,1,3,2,1,4,4,3,4,1,1,1,1,1,3,2,1,2,1,3,4,3,4,4,1,3,3,3,3,3,4,3,1,1,1,3,4,2,2,3,3,1,1,3,3,4,1,1,N
311,2,3,2,2,2,3,3,2,3,2,3,4,1,4,2,2,3,3,2,2,3,3,4,3,2,3,4,2,1,4,1,3,4,3,3,4,1,3,4,1,3,4,1,3,4,4,2,3,2,3,4,2,3,4,4,3,4,2,2,2,IE
312,4,3,2,1,1,4,1,3,1,1,1,2,1,1,3,2,1,4,2,3,3,1,2,2,2,3,4,4,1,3,1,4,2,1,1,2,1,2,3,1,1,1,3,1,2,3,3,2,2,1,2,1,1,1,3,3,4,1,1,2,N
313,1,4,2,4,4,4,1,4,1,1,3,4,4,4,1,2,2,4,3,2,3,2,2,1,4,1,3,1,2,4,4,3,4,1,4,4,4,2,2,1,4,2,2,2,3,2,1,4,4,2,1,4,4,1,4,4,4,3,3,2,EI
314,2,1,3,1,2,3,3,4,4,2,3,2,3,1,3,3,2,3,4,2,3,3,2,3,2,3,1,2,1,4,4,2,3,4,3,4,4,1,2,1,3,1,2,3,2,1,1,4,1,2,1,4,1,4,2,4,4,2,3,4,IE
315,2,2,2,2,1,3,2,2,3,4,1,1,4,4,4,2,2,3,3,1,3,4,3,2,3,3,2,2,1,4,4,3,4,1,1,2,4,2,3,1,3,4,4,2,3,2,2,1,1,4,1,1,4,1,4,2,1,3,4,4,IE
316,4,3,2,3,4,2,2,2,3,2,2,4,1,3,1,2,2,2,4,2,2,3,3,4,3,2,2,3,2,2,3,2,1,1,3,4,2,3,1,3,2,3,1,2,2,3,4,1,4,3,4,2,2,1,1,4,3,4,4,1,N
317,2,1,1,2,2,3,4,2,3,3,4,1,2,1,1,4,3,3,3,4,1,1,2,3,2,1,2,1,4,4,2,1,3,1,2,2,3,2,2,3,4,2,1,2,2,2,2,4,1,4,4,3,4,3,3,2,2,3,2,1,N
318,3,2,2,3,2,1,3,3,2,2,3,4,2,4,3,2,3,4,2,3,3,2,2,3,2,2,2,2,1,4,2,1,1,1,1,4,2,4,3,4,1,3,2,3,3,4,2,3,4,4,4,3,2,4,4,2,1,2,1,4,IE
319,4,4,2,3,2,1,2,4,3,3,4,2,1,3,3,2,2,3,4,3,3,4,4,1,2,1,4,3,4,2,3,4,3,2,2,3,4,4,1,4,1,4,3,3,4,3,3,2,3,3,1,3,1,2,1,3,2,1,2,1,N
320,1,4,4,4,2,2,2,2,3,2,1,2,2,3,3,2,2,2,2,3,2,2,3,3,3,2,2,2,1,4,1,4,2,2,1,3,2,3,3,2,2,2,1,4,2,2,2,1,2,2,1,3,2,2,2,2,1,3,2,4,IE
321,4,2,2,2,2,2,1,2,3,4,3,4,4,1,4,1,3,1,1,4,1,1,4,4,4,4,1,3,4,4,1,1,3,4,4,4,4,4,1,1,4,1,4,4,1,4,4,1,4,2,1,4,4,1,4,4,2,2,2,3,N
322,2,2,1,4,2,2,3,4,4,4,3,4,1,2,1,2,1,4,2,1,1,1,1,2,2,2,3,1,3,2,3,2,1,1,1,1,1,1,1,1,1,1,1,1,1,1,1,1,1,1,1,1,4,4,1,1,2,2,2,1,N
323,4,2,2,2,4,4,2,3,2,4,2,3,4,4,2,4,3,4,4,1,4,2,2,4,4,4,4,3,4,4,1,1,3,4,2,4,1,4,3,4,2,2,3,1,4,3,4,4,4,2,2,1,2,3,3,3,3,4,4,3,N
324,2,2,1,3,4,3,3,4,3,2,3,4,2,2,1,3,3,2,3,4,4,2,2,3,3,3,2,2,1,4,1,1,2,1,3,2,1,1,3,4,2,4,4,2,2,1,1,1,3,2,3,1,4,3,3,3,2,2,3,2,IE
325,3,2,1,1,4,4,3,2,2,3,4,4,4,4,1,1,2,2,2,2,1,1,4,1,4,3,4,1,3,4,4,3,4,1,4,4,4,4,2,2,3,1,1,1,4,1,1,2,1,1,2,3,2,2,3,2,1,3,3,4,EI
326,2,3,4,4,3,4,3,3,3,3,3,3,2,2,3,2,1,1,4,2,2,3,3,2,3,4,3,3,3,1,2,3,3,1,3,4,4,4,1,1,4,2,3,1,2,3,1,3,4,4,3,4,4,2,3,4,2,3,3,1,N
327,1,2,1,3,1,4,4,1,4,4,4,2,2,2,4,1,4,2,1,4,4,1,1,3,3,2,4,4,3,4,3,4,4,1,2,1,3,1,4,4,4,2,2,4,4,3,2,3,4,2,3,3,2,3,3,4,3,1,1,1,N
328,1,4,1,4,1,1,1,4,3,3,4,4,3,4,4,2,4,1,4,4,2,2,3,3,4,4,4,2,1,4,4,3,3,4,4,3,1,3,2,4,4,4,4,3,3,1,3,1,4,4,4,2,1,4,4,2,3,3,1,1,EI
329,1,4,1,1,2,4,4,4,1,1,4,4,1,4,1,2,4,2,3,4,2,1,4,2,4,2,4,2,4,4,4,3,1,2,2,1,4,4,4,4,2,2,1,2,1,4,4,4,2,4,2,2,3,2,2,2,4,4,1,3,EI
330,1,2,3,3,3,4,2,3,4,4,2,1,4,1,2,2,3,4,1,4,2,2,1,2,3,3,1,2,2,3,4,3,1,1,4,4,4,2,3,4,4,4,4,4,2,1,3,3,3,3,3,3,2,3,3,3,2,3,3,1,EI
331,1,1,2,2,1,1,2,3,4,3,3,1,2,1,1,3,2,1,1,4,4,3,2,3,1,3,4,1,1,4,4,3,1,1,3,3,1,2,2,3,3,1,1,4,3,3,3,4,4,3,3,1,1,3,1,3,2,1,3,4,EI
332,4,2,1,2,2,3,3,2,3,3,3,2,2,2,3,3,2,1,3,2,3,3,3,4,1,1,4,1,1,4,4,3,1,4,3,3,1,4,2,2,1,1,4,1,4,2,1,4,4,2,1,4,3,1,4,1,3,2,3,2,EI
333,4,3,2,1,2,1,1,3,2,3,2,3,4,1,3,3,2,2,3,3,4,2,1,4,1,3,4,4,1,3,4,3,1,4,3,4,1,1,3,4,2,3,3,3,2,2,1,4,1,4,3,4,4,1,1,4,3,3,2,2,N
334,3,4,3,3,3,4,1,3,3,3,3,2,3,1,4,4,3,1,1,3,2,1,1,1,3,4,2,1,1,1,4,2,1,4,2,3,4,3,4,2,3,1,3,4,4,4,1,4,4,3,1,1,1,4,1,1,1,2,2,2,N
335,4,4,2,2,2,1,4,2,3,4,1,4,4,3,2,3,2,3,2,3,2,3,3,2,3,2,4,2,1,4,3,3,3,2,2,1,3,4,3,4,4,3,1,2,1,2,1,2,3,2,2,2,2,2,4,2,3,4,2,1,IE
336,1,4,4,3,3,1,2,3,1,1,3,3,3,3,3,2,3,3,2,3,1,3,3,3,3,3,2,3,1,4,3,4,2,2,1,3,3,3,2,2,1,3,4,3,4,4,1,1,4,1,4,3,3,3,2,3,4,3,3,3,IE
337,2,4,1,4,1,1,1,3,3,1,3,1,4,4,3,4,1,3,4,1,1,2,3,1,4,3,2,2,1,4,4,3,4,1,4,3,3,4,3,2,1,1,1,3,3,3,1,3,1,4,2,3,1,3,3,3,3,2,1,1,EI
338,3,1,3,2,3,2,1,1,1,1,2,3,1,3,3,2,3,4,2,1,3,4,4,3,4,2,3,4,3,1,1,3,4,4,3,4,4,1,3,1,2,1,3,4,1,2,1,3,4,3,3,1,3,4,3,3,3,4,2,2,N
339,4,3,1,3,3,3,1,1,3,3,3,3,1,4,3,3,3,3,1,4,1,4,1,2,1,2,4,4,3,4,3,2,3,4,4,2,3,4,3,4,3,3,4,2,2,1,1,4,1,2,3,4,4,3,2,3,2,3,1,1,N
340,4,3,4,4,2,1,2,2,4,1,2,3,4,1,2,1,2,3,2,2,3,3,2,2,3,2,1,3,1,4,1,4,3,2,1,3,4,2,1,1,4,4,4,2,2,4,2,3,4,2,1,2,3,4,1,4,4,4,2,3,IE
341,1,2,2,1,2,3,2,3,4,2,3,3,2,4,4,4,2,3,2,3,4,4,4,1,4,2,2,2,1,4,4,3,4,1,4,3,1,4,4,1,4,2,4,4,1,2,1,2,3,3,2,3,4,2,3,3,4,2,2,2,EI
342,1,4,4,1,2,1,4,1,4,4,1,4,4,2,4,2,4,3,2,2,4,4,2,2,3,3,2,2,3,4,4,3,4,1,4,2,4,3,4,3,2,3,4,2,2,2,3,2,2,2,3,4,2,4,3,2,1,4,4,1,EI
343,4,4,1,3,1,4,2,1,3,4,1,2,1,2,2,1,2,3,2,3,3,2,3,3,3,3,3,2,1,4,1,2,3,4,1,1,1,3,1,2,1,4,3,3,4,4,3,4,2,1,4,1,4,3,2,3,4,4,4,4,IE
344,3,4,3,2,3,1,1,3,1,4,2,4,4,1,4,3,1,1,2,1,3,4,3,2,2,3,2,1,2,3,4,2,4,4,1,4,3,4,2,2,1,4,4,2,2,1,4,2,1,3,2,3,4,1,1,3,4,3,2,1,N
345,4,2,1,3,2,3,1,3,2,4,2,1,3,4,1,3,2,1,1,4,2,3,1,4,4,3,2,3,1,4,4,3,1,1,4,3,1,4,2,3,3,3,4,4,3,1,2,3,3,4,4,3,4,3,4,4,2,1,1,4,EI
346,2,3,4,4,4,2,1,4,4,4,4,4,1,4,3,3,2,1,4,4,4,2,2,2,3,3,1,1,3,4,2,3,2,4,2,2,3,4,2,2,2,2,3,4,1,1,2,1,2,3,4,1,3,4,2,2,3,1,2,3,N
347,3,2,2,3,2,3,2,1,2,2,1,2,3,3,3,3,2,3,3,4,4,3,2,3,2,1,2,2,1,4,4,4,3,4,2,3,4,2,2,4,2,2,2,2,1,4,4,3,1,2,1,4,1,2,2,4,1,4,1,3,IE
348,3,4,4,4,2,1,1,1,4,4,3,4,4,1,1,1,3,4,1,1,4,1,1,1,4,3,1,2,1,1,1,4,1,2,1,4,4,1,1,1,2,4,2,3,4,4,1,1,4,3,2,4,3,3,3,4,4,2,3,3,N
349,3,3,3,1,2,2,1,4,1,4,4,4,1,4,2,2,1,4,4,4,2,3,4,2,1,4,2,3,2,1,3,2,3,4,3,3,3,4,2,4,4,1,3,2,1,1,4,1,1,2,2,2,4,1,4,2,3,4,3,4,N
350,1,1,3,1,3,3,1,2,2,3,4,1,4,4,3,1,1,4,4,3,1,1,4,4,2,1,1,1,4,1,4,3,4,4,4,1,4,4,2,1,4,4,4,1,4,3,2,2,1,4,3,3,2,1,4,4,4,1,2,4,N
351,2,1,1,4,3,3,3,4,1,2,3,1,2,3,1,2,1,3,4,2,2,3,4,2,3,1,3,2,4,2,4,3,4,1,4,3,3,4,2,2,2,2,2,1,1,2,2,2,1,2,1,4,4,3,2,2,3,1,4,4,EI
352,4,2,3,4,3,4,4,1,3,3,2,3,2,4,1,2,3,4,4,3,3,1,3,4,4,4,3,2,3,4,2,1,4,3,3,1,1,2,4,3,3,4,2,2,1,1,4,4,3,2,1,2,2,2,2,1,4,4,2,3,N
353,4,2,2,1,3,4,4,3,2,1,1,4,1,3,3,2,3,2,2,1,4,2,3,4,3,4,3,1,3,3,3,4,1,1,1,1,1,4,4,4,2,2,1,1,4,4,1,3,2,2,1,2,2,1,2,1,1,2,1,2,N
354,2,3,2,3,1,1,3,2,1,4,2,2,2,3,2,3,4,4,2,2,2,1,4,4,2,1,4,3,2,1,4,3,1,1,4,3,4,3,2,3,2,2,1,1,1,2,2,3,2,3,3,3,2,2,3,1,1,3,3,2,EI
355,2,3,4,3,4,1,3,4,3,2,1,3,2,1,3,2,2,2,1,2,2,2,2,1,3,3,2,2,1,4,4,3,4,4,3,2,2,3,4,2,3,4,4,1,2,3,2,1,1,1,4,1,1,4,1,1,4,2,3,4,IE
356,2,1,2,2,2,4,1,4,4,1,4,2,3,4,4,1,4,4,4,4,3,2,4,4,2,2,1,1,4,2,3,4,1,2,3,4,3,1,1,1,3,3,3,2,1,2,1,4,3,2,3,2,3,2,3,4,1,1,4,1,N
357,3,3,2,2,1,1,4,4,1,4,4,4,1,2,2,3,2,3,2,3,4,2,2,2,2,2,2,1,2,2,1,3,3,1,2,2,1,3,2,1,2,3,4,3,4,1,2,3,3,3,2,2,2,2,1,1,4,2,2,2,N
358,1,2,3,1,2,3,1,2,1,1,1,2,3,4,2,4,2,1,2,1,4,1,1,4,4,1,4,1,3,4,4,3,1,1,4,1,3,4,3,4,4,1,2,1,1,2,3,4,3,2,3,2,2,1,3,4,2,2,2,3,EI
359,1,3,3,2,3,4,3,2,1,2,4,3,2,3,4,3,2,1,3,4,3,4,3,2,2,2,2,2,1,4,3,1,2,2,3,2,2,1,4,1,4,4,3,1,1,2,3,4,3,4,2,3,2,1,2,4,1,1,2,1,IE
360,1,4,4,4,2,1,2,3,4,3,4,4,3,1,4,4,2,1,2,2,3,1,3,1,4,3,2,2,2,1,4,2,3,1,2,3,3,4,4,4,1,4,4,2,3,4,1,4,4,2,1,1,4,1,4,1,1,3,3,4,N
361,3,3,4,3,4,3,1,3,4,4,3,4,3,4,1,4,4,3,1,4,4,4,2,3,3,4,1,4,4,3,3,3,1,3,4,3,3,3,3,4,3,3,3,1,3,4,4,4,3,4,3,1,2,1,4,3,3,4,3,3,N
362,2,2,3,4,4,4,3,4,2,3,3,1,4,2,2,2,4,3,1,1,2,2,2,1,1,2,3,2,2,1,3,2,2,3,1,4,1,2,2,2,2,3,4,3,2,2,3,2,3,4,3,4,1,4,4,2,2,3,2,2,N
363,3,2,3,2,1,4,2,3,1,1,3,3,3,3,3,1,1,3,3,3,1,3,3,3,3,3,3,3,1,4,1,4,1,3,1,2,4,4,3,2,2,2,1,2,3,2,3,4,3,3,3,2,2,2,1,4,4,2,3,4,N
364,4,4,4,1,3,4,4,4,2,3,4,2,1,2,2,4,3,4,1,4,2,4,2,2,4,1,4,4,1,2,1,1,4,4,2,4,4,2,4,4,2,2,4,1,4,2,4,2,3,2,3,1,1,4,1,3,4,1,3,2,N
365,3,3,3,2,2,1,2,3,2,2,3,2,2,3,3,4,3,2,3,3,2,3,2,3,2,3,4,2,1,4,3,4,2,2,2,3,4,4,4,1,4,2,3,4,3,2,1,3,3,4,2,2,2,3,2,2,3,4,2,3,IE
366,3,3,2,1,3,4,4,2,1,4,4,2,3,2,3,1,1,4,1,4,4,1,4,1,4,2,2,3,2,2,3,2,2,1,4,4,4,1,4,4,1,1,1,4,4,1,2,3,3,3,4,4,2,3,3,3,2,3,1,4,N
367,1,4,1,1,1,3,4,1,1,1,2,1,4,4,1,2,2,2,3,1,3,2,1,1,3,4,3,4,1,1,1,3,1,2,4,4,4,1,2,2,4,1,3,1,3,4,4,3,4,4,2,1,3,2,2,4,2,1,4,3,N
368,2,3,2,2,2,2,1,2,2,2,1,2,2,3,4,3,2,2,1,2,2,2,4,2,2,2,4,2,1,4,1,3,2,4,2,3,3,2,2,3,4,4,1,4,2,2,1,4,4,2,1,1,4,1,1,2,3,2,2,1,IE
369,1,3,2,1,1,3,1,1,4,2,3,2,2,3,1,4,3,2,2,1,4,1,2,4,2,2,1,3,4,4,4,3,2,1,3,3,3,2,1,2,1,4,1,4,4,1,4,4,1,2,1,1,4,4,2,3,1,2,3,1,N
370,4,4,1,2,1,4,2,3,2,1,2,2,3,1,4,2,3,4,2,1,1,3,4,4,2,3,1,2,1,4,4,3,1,1,4,2,4,2,2,2,2,3,1,1,1,1,3,2,2,2,3,3,3,4,4,2,1,2,1,1,EI
371,4,3,2,3,3,3,4,2,3,3,3,3,2,3,2,3,4,3,1,3,3,1,3,1,3,2,1,1,1,2,1,3,3,4,4,4,1,1,1,3,3,2,1,4,2,2,3,2,3,2,2,1,4,4,2,4,1,3,4,4,N
372,3,2,3,3,4,3,1,3,3,3,3,4,3,3,3,3,4,3,3,3,3,1,1,1,3,2,1,2,1,4,4,3,3,3,2,3,2,1,3,3,1,1,2,2,3,3,4,3,4,1,1,4,2,1,1,1,1,4,2,2,IE
373,2,3,4,3,3,4,3,4,1,3,4,3,4,3,1,4,4,1,4,4,1,1,4,1,4,2,3,2,1,4,4,3,1,4,4,4,1,1,4,4,4,4,3,4,1,4,4,1,4,3,4,4,4,4,3,2,3,4,4,4,EI
374,4,4,1,4,1,1,4,1,4,1,4,1,1,4,1,4,4,1,1,4,1,4,4,1,1,4,1,4,4,1,1,4,1,4,1,4,4,1,1,4,2,4,4,1,4,4,4,1,1,2,3,4,2,4,4,2,2,1,4,4,N
375,4,4,4,2,4,2,3,4,3,2,2,3,4,3,3,3,3,2,3,2,2,3,4,3,4,3,4,2,1,4,1,2,2,4,3,3,4,4,4,4,4,4,4,3,4,1,1,3,3,1,2,3,3,2,3,3,2,4,1,2,IE
376,2,3,4,1,3,2,1,1,3,1,2,3,4,4,4,2,1,1,4,2,3,4,1,3,4,4,2,1,2,3,2,2,3,4,4,2,2,3,3,4,1,3,3,3,4,1,1,3,4,3,4,4,2,3,4,1,1,4,2,2,N
377,1,1,4,2,3,4,2,1,3,4,3,4,4,1,3,2,2,3,4,1,4,1,1,2,3,3,2,1,4,4,4,3,4,1,4,3,2,2,1,4,4,1,4,3,3,3,2,1,4,2,1,4,3,3,3,2,1,4,1,4,EI
378,1,1,3,2,1,1,3,3,1,3,2,3,3,3,1,3,3,3,3,3,4,2,3,4,4,2,3,1,3,4,1,1,1,2,2,1,2,4,1,4,2,1,4,3,4,3,3,2,3,2,3,2,2,3,3,2,1,3,3,1,N
379,4,2,3,4,4,4,4,1,4,1,1,1,2,2,2,1,1,4,4,3,1,2,2,3,1,3,4,4,4,4,2,3,4,4,2,2,3,3,2,3,2,1,1,4,4,1,1,4,2,2,2,4,4,2,3,2,2,2,2,4,N
380,2,2,1,2,3,3,2,1,4,4,3,1,2,3,1,2,2,2,4,3,2,3,3,2,3,1,3,2,3,4,4,3,3,2,3,2,4,3,2,2,3,4,3,2,1,2,2,2,1,4,4,2,3,4,4,3,1,3,4,2,EI
381,2,2,3,3,2,2,3,3,2,2,3,4,4,4,3,4,1,4,3,4,4,1,4,1,2,3,4,3,2,3,2,2,2,4,4,2,3,2,3,4,2,2,3,4,1,2,1,3,4,1,4,4,4,3,3,1,2,2,2,2,N
382,2,3,4,4,1,2,1,4,4,3,3,4,4,1,4,4,1,4,4,3,4,1,2,2,1,1,3,4,1,1,3,2,4,4,4,2,3,1,3,4,3,4,4,1,2,4,3,4,3,3,4,1,2,2,2,3,3,2,3,4,N
383,2,2,4,3,2,3,4,4,2,2,4,2,4,4,1,3,4,1,2,3,3,2,2,4,2,1,2,2,1,1,4,3,4,1,4,3,3,3,4,1,1,1,3,4,4,3,4,4,4,2,2,1,4,1,1,2,1,3,2,2,EI
384,3,4,1,4,2,2,2,3,4,2,3,2,2,2,2,3,3,3,3,2,3,2,3,2,2,2,4,2,1,4,1,4,1,1,4,2,3,4,1,1,4,1,1,1,1,2,2,1,1,4,1,3,2,1,3,2,3,3,3,4,IE
385,1,4,3,4,3,3,3,3,2,1,3,1,3,3,4,2,3,3,2,3,2,2,2,3,3,3,1,4,3,3,2,3,4,2,3,4,3,2,3,2,2,2,3,4,1,1,4,1,4,3,4,1,1,2,2,2,3,2,3,3,N
386,4,2,1,4,3,1,1,4,1,4,3,2,3,3,1,1,3,3,3,3,4,3,3,3,3,2,1,2,1,4,4,3,3,4,3,3,3,3,4,1,1,3,4,4,3,1,1,1,4,3,3,4,1,3,4,2,1,3,3,2,IE
387,4,3,1,4,1,2,2,3,3,4,4,3,4,4,4,2,4,4,3,2,2,3,3,2,3,2,2,3,1,4,4,1,1,4,1,1,4,2,2,3,1,3,1,3,2,2,2,1,1,1,4,4,1,1,2,1,4,1,1,4,IE
388,2,1,1,1,2,2,1,2,2,3,4,2,2,2,2,1,3,2,2,1,3,3,4,3,2,2,3,2,1,4,4,3,4,1,3,2,2,3,3,4,4,2,4,4,1,4,4,2,2,4,2,1,1,4,3,1,2,1,3,4,IE
389,4,2,3,2,1,4,2,3,2,2,2,1,4,4,3,2,1,2,2,2,1,4,4,1,1,2,3,4,1,4,4,3,4,1,4,3,4,3,2,2,2,2,1,3,2,2,3,4,4,2,2,2,3,3,4,1,2,2,2,3,EI
390,4,1,4,2,2,3,1,4,1,2,1,2,2,2,2,3,4,4,4,3,3,4,3,1,4,4,4,4,1,4,1,4,4,2,3,4,4,4,4,3,4,4,1,4,4,4,1,4,1,4,4,2,3,2,2,3,3,2,2,2,N
391,3,4,2,3,2,3,2,2,2,1,4,4,3,2,3,1,2,2,2,3,4,1,1,2,3,4,2,1,4,1,3,2,1,2,2,1,1,3,4,3,4,4,3,1,4,1,1,4,2,2,1,1,2,2,1,1,2,2,1,4,N
392,3,3,4,3,1,1,2,3,3,4,1,2,1,1,4,1,1,4,3,3,1,3,2,3,4,2,3,3,2,2,1,1,1,4,3,1,2,1,1,3,4,1,3,4,4,4,4,2,1,4,4,2,1,3,1,4,4,1,3,4,N
393,4,3,3,2,4,1,3,3,2,3,4,2,3,3,2,1,1,3,3,3,4,3,2,2,2,3,1,3,2,3,1,3,3,1,1,3,2,1,2,2,1,2,3,2,3,3,1,2,3,4,2,2,2,1,4,3,2,1,4,4,N
394,3,4,4,2,3,4,2,2,1,2,1,1,3,1,4,1,4,1,2,1,2,3,4,1,4,1,1,1,1,1,4,1,1,2,1,4,4,3,3,4,1,3,1,2,2,3,3,2,1,3,4,1,1,1,3,3,2,1,1,4,N
395,1,3,3,1,2,1,4,4,2,4,3,4,1,4,2,2,1,2,3,4,2,4,2,2,3,4,4,2,2,3,2,2,1,3,2,2,3,2,1,3,2,2,3,4,1,1,4,1,3,4,2,1,1,4,1,1,2,3,3,2,N
396,2,1,3,1,3,1,3,1,4,1,2,3,1,2,1,3,4,2,3,1,4,3,3,1,1,4,3,1,2,1,3,1,4,1,4,4,1,3,4,3,4,3,4,3,4,3,1,3,1,4,1,3,1,3,1,3,4,3,3,1,N
397,4,2,3,1,2,2,2,2,2,3,4,2,4,1,4,4,4,1,4,2,3,2,2,1,3,2,3,3,2,4,4,3,1,4,4,2,2,3,4,4,4,4,1,4,1,4,3,4,4,2,1,4,4,3,4,2,3,4,2,3,EI
398,1,1,2,3,1,1,1,3,2,1,1,4,1,1,4,1,1,1,3,2,3,2,3,4,3,2,1,1,3,4,4,1,1,4,1,1,1,3,3,1,1,4,3,3,3,4,3,1,1,3,3,3,3,1,1,1,1,1,3,2,N
399,3,2,1,4,1,2,2,3,3,4,4,3,4,4,4,2,4,4,3,2,2,3,3,2,3,2,2,3,1,4,4,1,1,4,1,1,4,2,2,3,1,3,1,3,2,2,2,1,1,1,4,4,1,1,2,1,4,1,1,4,IE
400,4,3,1,3,1,3,4,2,1,3,3,3,4,4,1,1,3,3,4,3,3,2,3,4,3,1,3,4,1,1,3,3,4,1,3,4,1,2,3,4,4,1,2,1,4,3,3,1,2,2,3,3,1,3,3,2,1,1,1,2,N
401,1,2,1,3,4,2,2,4,3,4,4,1,1,4,2,2,4,4,4,4,2,2,3,2,1,2,1,4,1,4,3,2,3,3,2,4,3,1,1,2,2,2,1,4,4,1,4,4,1,1,4,2,2,2,1,2,4,4,2,4,IE
402,2,2,4,2,4,4,2,1,2,1,4,1,4,2,2,1,4,4,4,4,2,2,1,1,2,2,2,3,1,2,2,2,1,4,2,3,2,2,2,1,2,4,2,3,2,3,4,4,4,1,3,2,2,4,3,2,3,4,2,2,N
403,1,4,3,3,2,3,4,2,1,4,2,1,2,2,2,2,3,4,2,2,3,4,2,3,2,3,4,1,4,4,4,3,1,1,4,3,4,4,2,1,4,2,2,1,2,2,2,2,4,2,2,3,3,3,2,2,2,3,4,1,EI
404,1,1,1,2,4,2,3,1,1,3,3,3,3,1,1,2,1,2,3,3,1,3,3,3,3,2,3,3,1,4,3,3,3,2,2,2,1,4,1,1,4,1,4,4,3,2,4,2,2,1,3,3,4,3,3,4,1,1,4,1,IE
405,4,1,1,3,3,3,4,3,3,2,1,3,4,1,2,3,1,3,3,3,3,2,3,3,2,3,4,3,1,4,2,2,3,4,1,4,1,2,1,4,2,3,4,2,2,3,3,4,3,4,3,4,2,4,1,2,3,4,1,4,IE
406,1,1,1,1,4,3,4,2,3,1,3,2,3,3,1,4,3,4,3,4,3,1,1,1,1,4,4,3,2,1,3,3,2,1,4,3,4,4,2,1,3,4,1,2,3,3,1,4,1,4,4,4,1,3,3,1,4,1,4,3,N
407,1,3,2,1,1,4,3,2,1,4,1,2,4,3,4,3,4,4,3,2,2,3,3,3,4,4,4,1,3,2,2,3,4,2,3,2,1,2,3,4,1,4,2,3,2,1,3,2,1,2,2,1,1,4,4,4,2,2,4,1,N
408,1,4,1,4,1,1,4,1,4,2,3,2,1,4,1,4,3,4,3,2,3,2,3,4,3,2,2,2,1,4,1,2,1,3,1,2,1,4,3,4,3,1,4,1,2,1,1,4,2,1,3,4,3,4,2,2,1,4,1,2,IE
409,4,2,2,2,3,4,4,2,4,2,2,2,1,4,2,1,2,2,1,3,4,1,1,4,1,3,2,1,1,4,4,3,4,1,4,3,2,4,1,4,4,4,4,3,3,4,4,3,4,4,2,2,2,3,2,3,4,2,2,3,EI
410,3,1,2,1,3,2,3,1,2,1,1,2,2,4,4,4,1,4,4,1,4,2,3,2,4,3,4,2,4,2,3,3,2,4,1,2,1,4,2,4,1,2,4,3,4,4,4,4,4,1,4,3,3,2,2,4,4,4,2,4,N
411,1,4,4,3,3,2,1,1,2,1,3,2,4,4,3,4,4,2,2,2,2,1,2,1,3,2,2,3,2,2,1,3,3,2,2,2,1,3,2,3,3,4,3,4,2,3,2,2,3,1,2,3,3,2,3,3,3,4,1,3,N
412,1,2,2,1,1,4,4,1,4,1,3,2,3,1,2,3,2,2,2,1,2,3,3,2,1,2,2,3,4,2,4,2,2,1,2,2,4,1,2,1,2,2,1,4,3,1,1,2,1,3,2,2,1,4,3,3,3,4,3,2,N
413,3,3,1,2,2,1,2,2,1,3,1,4,3,3,4,4,2,2,2,1,1,1,1,4,2,1,4,2,2,1,2,2,4,1,3,3,1,1,4,1,1,1,4,2,4,3,3,3,1,1,4,2,3,2,1,1,2,1,4,2,N
414,3,4,1,1,4,1,1,4,1,2,1,4,4,4,1,4,1,2,1,3,3,2,1,3,4,1,1,2,1,1,4,3,1,1,4,4,1,3,2,2,1,4,3,3,3,1,1,1,4,4,3,1,4,1,3,4,2,1,1,1,EI
415,3,4,1,2,2,3,4,1,3,2,3,3,3,4,2,3,2,3,2,2,2,2,2,3,4,4,2,2,1,4,3,3,4,1,4,4,1,4,4,1,4,1,1,2,2,2,4,4,1,2,3,3,2,3,4,4,1,1,2,2,IE
416,3,2,1,4,2,3,3,3,3,3,2,3,3,3,3,2,3,2,3,2,3,2,2,3,2,3,3,2,1,4,4,1,3,2,1,3,2,3,3,2,3,2,4,1,1,2,2,2,2,4,1,4,3,4,1,2,1,1,4,2,IE
417,2,2,4,3,4,4,3,2,1,4,2,1,4,2,1,4,2,1,2,4,1,2,3,3,2,2,4,2,2,3,2,2,4,2,1,4,4,3,4,4,2,3,1,3,4,4,1,4,4,1,4,4,3,3,1,2,4,4,2,4,N
418,3,2,3,1,3,3,1,1,1,3,3,2,2,3,4,1,3,3,3,3,1,3,3,3,2,3,4,3,1,4,4,1,2,3,4,1,1,2,4,3,2,3,3,4,2,3,2,4,1,4,1,3,4,3,4,1,3,4,1,1,IE
419,4,4,2,2,4,2,1,1,1,3,1,2,2,1,1,4,3,4,4,1,2,2,3,4,3,2,2,1,1,4,4,3,4,1,4,3,4,4,1,4,4,4,4,2,3,3,2,3,1,4,4,4,1,1,4,4,1,1,2,1,EI
420,2,3,4,4,3,4,2,4,4,3,1,2,2,1,4,3,4,2,1,2,1,4,1,4,4,4,4,3,3,3,4,3,2,2,1,4,2,4,2,2,1,2,1,3,4,2,2,2,1,2,2,1,3,2,2,4,4,3,4,2,N
421,1,1,3,1,3,2,3,2,1,1,1,4,1,1,3,1,1,4,2,2,1,2,3,2,3,3,4,1,1,1,3,3,2,2,1,1,4,3,1,4,4,1,3,3,1,3,3,3,3,3,2,3,1,1,1,3,1,3,1,4,N
422,3,4,3,2,2,2,1,1,2,3,2,3,3,4,4,3,3,3,3,2,2,1,3,3,1,2,1,2,1,4,1,2,1,4,1,4,3,4,2,1,1,4,1,2,4,1,3,4,1,2,3,3,4,2,1,1,1,1,3,4,IE
423,3,1,4,4,3,2,2,3,2,2,3,4,2,3,2,3,2,2,1,3,1,3,2,3,2,4,2,2,1,4,3,4,4,4,4,3,3,3,4,1,3,1,4,1,4,1,1,2,3,2,1,4,1,1,4,2,4,3,4,4,N
424,1,4,4,1,1,3,4,3,4,2,1,2,1,3,2,3,2,2,3,2,2,3,2,3,3,1,3,3,1,1,1,2,1,3,4,4,1,4,3,2,1,3,3,1,3,3,1,4,3,3,2,1,1,2,1,4,3,1,4,1,N
425,3,2,3,4,1,4,2,3,2,3,4,2,1,3,3,3,4,3,2,3,1,3,3,2,3,2,2,1,4,2,3,4,1,2,2,2,3,4,4,3,3,2,3,2,3,2,3,2,3,3,1,4,2,3,1,2,2,3,4,2,N
426,4,2,1,4,1,4,1,1,2,1,1,3,3,3,4,4,2,3,4,2,2,3,3,2,2,4,1,4,2,4,4,3,4,1,4,3,4,2,2,2,3,3,2,3,3,3,3,2,2,2,2,3,3,4,2,1,3,4,4,2,EI
427,4,4,1,2,3,2,1,2,1,4,2,3,4,2,2,2,2,2,1,4,1,4,2,2,2,1,4,4,2,1,1,3,4,4,2,1,2,3,4,1,2,4,2,3,3,2,2,2,1,3,3,1,1,1,4,2,3,2,2,1,N
428,3,4,2,4,4,4,2,2,4,2,3,2,2,4,1,2,4,4,2,4,4,3,2,2,1,3,2,2,3,4,4,3,1,1,4,3,4,2,3,3,3,3,2,3,2,3,1,4,4,1,4,2,3,1,1,2,4,3,3,2,EI
429,3,4,1,3,4,1,4,2,3,2,3,4,2,1,3,2,2,2,1,3,3,3,4,3,4,4,3,2,1,3,3,2,2,3,4,2,3,1,2,1,4,3,2,3,2,2,1,1,2,1,1,3,4,3,2,2,2,3,4,4,N
430,3,3,2,1,4,4,4,4,1,1,1,1,1,1,1,3,1,3,2,3,3,2,3,3,4,4,2,1,1,4,4,3,1,1,2,1,2,1,2,3,2,3,4,3,1,1,1,3,4,2,1,3,4,3,3,2,1,3,4,2,EI
431,2,2,1,2,3,2,1,4,2,2,1,4,4,2,2,2,3,3,2,3,3,2,3,2,2,3,2,2,1,4,4,3,2,2,2,2,2,1,2,4,4,2,2,2,3,3,2,1,4,4,1,3,4,1,1,1,4,2,3,4,IE
432,4,3,2,1,2,4,2,1,3,4,1,1,4,4,4,1,4,2,1,2,2,4,3,4,4,1,4,1,1,4,1,2,1,4,3,4,4,2,2,2,2,3,1,2,1,4,1,1,3,4,3,3,2,1,3,1,4,4,3,3,N
433,4,4,3,4,2,1,1,3,2,4,4,2,1,4,3,2,2,1,4,4,1,2,2,3,4,2,1,4,4,2,2,2,2,1,4,1,4,4,1,2,2,3,4,3,3,4,4,1,2,2,2,1,4,3,4,4,1,2,2,3,N
434,3,2,3,3,1,1,3,1,1,2,1,1,3,4,2,1,3,3,1,3,1,2,3,3,3,2,3,3,1,4,1,1,3,3,1,2,1,1,4,1,1,3,2,2,2,1,1,1,2,3,2,1,2,2,1,4,4,1,3,4,IE
435,4,3,4,2,2,2,2,3,1,2,4,2,2,3,2,3,2,2,3,3,4,2,3,2,2,2,3,2,1,4,4,4,2,2,3,2,1,2,2,1,1,2,2,1,4,2,4,4,4,2,3,2,1,4,4,1,2,4,3,3,IE
436,3,2,3,4,2,3,2,1,2,4,2,3,2,2,2,2,4,2,2,4,2,4,4,3,2,2,2,2,1,4,4,3,1,3,4,4,1,4,3,2,4,4,2,4,4,4,2,1,3,3,2,1,2,4,1,4,1,2,2,1,IE
437,2,3,2,2,2,2,1,2,2,2,1,2,2,3,4,3,2,2,1,2,2,2,4,2,2,2,4,2,1,4,1,3,2,4,2,3,3,2,2,3,4,4,1,4,2,2,1,4,4,2,1,1,4,1,1,2,3,2,2,1,IE
438,4,3,2,2,2,3,3,3,2,1,1,1,3,3,4,3,4,1,1,4,1,1,3,2,2,1,1,4,4,3,2,3,4,3,4,4,4,1,1,1,1,4,2,1,1,4,2,4,1,4,2,1,4,2,3,4,4,2,3,4,N
439,2,1,1,2,1,3,4,2,2,1,2,2,3,4,4,2,1,3,3,4,1,4,4,2,2,1,4,3,2,2,3,4,1,2,1,1,1,1,3,4,2,3,3,2,1,4,4,4,2,2,4,2,2,3,3,3,3,3,4,2,N
440,1,4,4,4,1,4,3,3,4,1,2,1,4,1,4,4,3,4,3,4,1,4,2,3,4,4,1,2,3,3,3,1,1,4,1,1,4,2,3,4,2,1,2,1,3,1,1,4,1,3,4,2,3,1,4,3,1,3,4,1,N
441,2,1,1,2,1,3,3,2,2,2,1,3,4,1,4,3,2,1,1,4,3,2,1,1,2,2,2,2,1,4,4,3,4,1,4,4,2,2,3,2,3,4,2,1,4,4,1,1,4,2,2,2,2,3,4,3,4,2,2,2,EI
442,2,2,3,4,1,1,2,1,4,4,2,3,2,3,4,2,3,3,2,2,2,1,3,2,2,3,3,2,1,4,4,3,3,2,1,1,2,1,3,2,4,4,3,4,4,2,2,2,2,1,2,1,3,2,2,3,2,2,1,3,IE
443,1,1,4,2,3,4,1,2,1,4,3,4,4,1,2,2,2,4,4,3,2,1,1,2,3,3,2,1,1,4,4,3,4,1,4,2,2,1,4,4,1,4,3,2,4,4,4,3,4,4,4,1,4,4,4,3,4,1,4,1,EI
444,1,2,2,1,4,4,1,2,2,2,3,2,3,3,2,2,3,2,3,4,2,2,2,3,4,2,2,2,1,4,4,3,4,1,1,4,3,4,3,2,2,4,4,1,2,4,2,1,2,2,2,3,2,1,3,2,4,1,2,1,IE
445,4,2,2,2,3,2,1,1,1,3,4,1,2,2,3,2,1,2,2,3,3,2,3,2,3,2,2,3,1,4,4,3,4,1,3,3,2,3,2,4,4,4,2,2,4,1,3,4,3,3,2,3,2,1,4,4,1,1,1,1,IE
446,4,2,3,2,2,3,1,1,3,4,2,3,3,2,2,3,4,2,3,4,2,2,2,2,3,2,2,2,1,4,4,2,1,4,4,3,4,1,3,4,2,3,3,3,3,2,2,4,4,1,1,4,1,4,3,2,2,2,2,1,IE
447,4,1,3,2,2,2,2,2,3,4,1,2,2,2,1,4,2,1,2,2,2,2,2,3,2,2,4,2,1,4,4,3,4,2,2,4,3,4,2,2,2,2,3,2,1,3,2,2,1,4,3,2,3,2,4,4,1,3,3,4,IE
448,3,2,3,4,3,4,2,2,1,4,2,3,3,2,3,3,1,3,2,2,3,1,3,1,4,1,4,4,1,4,1,1,1,4,2,3,2,1,1,1,4,1,3,4,1,1,1,3,4,1,1,3,2,3,2,2,3,3,2,3,N
449,3,3,4,1,2,1,4,2,1,1,1,4,4,2,3,2,3,2,4,4,2,3,2,2,3,4,4,1,4,3,2,2,3,2,1,2,3,4,3,2,2,1,4,2,3,2,1,4,1,4,4,4,1,4,1,4,4,1,4,2,N
450,4,4,2,3,4,1,4,4,2,1,4,4,1,4,1,2,3,2,1,2,3,3,4,1,1,2,2,3,4,4,4,1,4,4,2,4,4,1,4,4,3,3,4,2,1,1,3,4,1,4,2,3,4,1,4,1,3,2,4,2,N
451,1,4,4,2,3,4,2,1,2,4,3,4,4,1,3,2,2,3,4,1,1,1,1,2,3,3,3,1,1,4,4,3,1,1,4,3,2,2,1,4,4,1,4,1,3,4,3,3,1,1,1,4,2,2,2,3,4,3,3,4,EI
452,2,2,1,3,4,4,4,1,4,1,4,3,4,4,2,2,1,3,2,4,3,4,4,3,4,4,4,2,4,2,2,2,2,4,2,4,4,1,2,2,2,3,4,4,4,2,2,2,2,1,4,2,2,1,4,4,1,4,4,1,N
453,2,2,3,2,3,1,3,2,2,4,3,1,3,3,1,4,4,3,2,3,3,3,4,1,4,1,4,2,3,4,4,1,3,4,2,1,2,2,1,3,3,4,4,2,3,2,2,3,4,3,3,3,4,1,1,1,3,4,1,4,N
454,3,2,2,3,3,4,4,3,1,1,2,3,1,3,4,3,4,3,4,3,2,3,3,4,2,3,1,3,1,4,4,3,4,1,3,4,4,3,4,3,3,3,2,3,3,1,4,1,4,1,4,1,1,4,1,3,2,1,2,3,IE
455,1,3,2,3,2,4,4,2,3,2,1,2,1,4,2,1,1,2,2,3,2,2,4,2,2,3,2,2,2,1,4,4,3,3,2,1,1,4,2,2,1,3,3,2,3,2,2,3,4,2,2,3,2,1,4,4,2,3,2,2,N
456,4,2,1,2,2,2,3,2,3,1,1,1,1,3,1,4,2,3,4,4,1,3,3,3,4,2,3,4,3,2,1,3,2,1,3,3,2,3,3,4,3,3,3,3,3,1,1,2,1,2,1,4,2,1,1,3,1,2,1,2,N
457,4,1,1,4,2,1,4,3,3,4,2,3,1,1,3,4,1,1,4,3,1,3,3,4,1,1,1,1,3,4,4,1,4,1,3,4,2,2,3,1,4,2,1,2,2,2,2,1,2,1,4,2,1,4,3,3,1,2,1,4,N
458,4,4,4,4,2,3,3,3,2,3,2,1,3,4,4,2,3,4,3,2,2,3,3,2,1,4,4,4,3,2,3,3,2,2,3,4,1,1,1,3,4,2,1,4,3,4,4,3,4,2,3,3,1,2,4,2,3,2,2,1,N
459,2,3,4,4,2,2,3,1,2,2,3,4,1,1,4,1,1,4,1,1,2,2,1,2,4,1,4,4,1,4,4,3,4,1,4,1,1,2,3,1,3,1,3,4,4,1,1,1,1,4,3,2,1,4,2,3,3,1,1,1,EI
460,3,4,1,3,4,4,3,4,3,3,4,4,1,1,4,1,3,4,3,4,3,3,4,4,3,1,1,2,3,1,3,4,1,3,1,1,3,2,4,3,4,4,4,1,4,3,3,3,2,4,4,2,4,1,1,2,3,4,4,2,N
461,2,1,2,3,3,3,3,1,3,1,3,2,2,2,2,3,3,3,2,3,2,3,3,2,3,3,1,2,1,4,4,3,2,3,1,1,1,1,4,1,3,2,3,2,2,3,3,1,1,1,1,2,2,1,4,1,4,4,4,4,IE
462,1,4,1,4,2,1,2,3,1,3,3,3,4,2,3,1,4,4,3,4,2,3,4,4,4,1,4,1,4,1,4,1,1,4,2,1,4,4,3,4,4,2,3,3,3,2,1,2,1,2,2,2,2,1,2,1,3,3,1,2,N
463,1,1,1,1,3,4,3,2,3,4,2,3,2,1,4,3,3,1,1,1,1,1,1,1,1,1,1,1,1,1,4,3,1,4,3,1,4,3,4,2,2,1,2,2,2,1,4,3,3,3,2,1,4,4,2,1,4,1,1,1,N
464,3,4,1,2,2,1,4,4,3,2,3,3,4,3,3,3,3,3,4,3,3,2,3,1,2,2,2,2,1,4,4,4,1,4,2,4,1,2,1,4,3,4,2,2,2,1,4,4,4,4,3,2,3,4,1,4,3,2,3,2,IE
465,3,4,4,4,3,3,4,4,4,4,1,2,1,4,1,3,3,3,2,1,3,4,2,3,4,1,1,1,3,2,1,4,4,1,4,4,1,3,4,4,1,3,4,2,3,4,1,4,4,1,3,4,3,3,4,4,4,4,3,3,N
466,3,2,3,3,2,2,2,1,4,3,2,2,1,2,2,4,3,2,2,2,2,1,3,2,4,3,4,4,4,2,1,3,3,4,3,3,4,2,3,4,4,2,2,3,4,4,2,3,4,3,2,2,3,1,4,2,1,4,3,3,N
467,1,1,2,1,1,2,1,1,4,1,1,1,2,2,3,2,2,3,1,3,4,2,1,4,1,3,4,4,4,2,2,3,3,1,1,1,3,1,2,4,4,2,3,4,4,3,4,4,1,4,3,4,4,4,1,1,2,1,2,4,N
468,3,2,1,4,2,2,1,2,3,3,2,4,3,4,2,2,4,4,3,2,3,3,2,2,3,4,2,2,1,4,4,3,2,2,4,2,4,2,4,2,2,4,4,4,3,3,4,2,5,5,2,1,2,2,3,2,3,2,2,4,EI
469,2,1,1,3,1,3,4,1,1,1,3,3,1,4,3,4,2,1,2,2,3,3,4,1,1,1,1,1,4,1,1,2,1,2,1,1,3,1,1,4,1,4,2,1,1,3,3,3,3,3,1,4,4,4,1,1,2,1,1,4,N
470,2,1,3,2,3,4,3,4,2,2,4,4,2,3,1,2,3,4,2,2,2,2,1,2,2,1,3,4,1,2,2,2,4,2,4,3,4,2,3,4,2,1,4,4,4,4,4,3,2,2,3,4,2,2,4,4,2,2,2,3,N
471,3,1,1,3,4,1,3,2,2,3,4,3,2,2,3,3,3,3,2,3,1,3,3,3,3,2,1,2,1,4,2,2,3,2,3,2,2,3,2,2,3,2,2,2,1,4,3,3,2,3,2,2,3,2,3,4,4,1,3,2,IE
472,1,3,4,1,1,1,4,2,2,3,1,2,1,1,2,4,2,1,2,4,3,3,1,2,3,3,4,2,3,3,3,1,3,1,4,1,3,3,3,3,3,3,3,3,1,1,3,3,3,3,1,1,4,3,3,3,3,1,3,4,N
473,2,1,1,3,1,2,1,2,3,3,1,1,3,3,1,3,2,3,3,3,1,3,2,2,3,3,3,3,1,4,4,3,3,1,2,2,2,1,3,4,2,1,4,3,3,4,3,3,1,2,3,4,3,1,2,2,1,4,2,2,IE
474,3,3,3,4,2,3,3,2,1,4,3,2,2,3,3,4,1,1,3,2,1,2,2,3,4,3,4,4,4,1,2,3,3,4,1,4,4,1,2,3,2,4,4,4,1,3,2,3,3,2,1,4,4,1,2,4,2,2,3,4,N
475,4,4,2,3,4,1,2,3,3,3,1,3,4,4,2,3,1,1,4,1,1,4,3,3,3,3,2,1,2,3,4,4,1,3,4,2,1,3,3,1,1,3,1,1,2,1,1,1,3,1,3,3,3,3,1,2,2,3,3,3,N
476,3,2,2,2,2,3,2,1,2,1,4,4,4,1,1,1,3,3,3,3,2,3,3,2,2,2,1,2,1,4,4,3,4,4,1,1,1,1,4,4,1,4,4,4,1,4,2,3,1,2,3,2,3,2,1,4,4,2,3,4,IE
477,4,1,2,2,4,2,3,3,2,2,2,4,3,1,2,4,3,4,4,2,3,2,3,4,3,2,2,1,1,4,4,3,1,1,4,3,4,2,3,4,4,4,2,3,1,2,2,3,3,1,4,1,4,3,2,2,3,2,2,1,EI
478,3,4,4,1,3,4,3,4,4,3,4,4,2,1,3,1,2,4,2,2,3,4,3,1,4,3,2,2,3,1,4,2,2,1,2,3,2,1,4,4,1,4,4,2,3,4,1,4,4,2,1,4,4,1,4,4,1,3,3,4,N
479,1,3,4,3,2,2,2,1,4,2,1,1,2,1,2,1,2,1,2,3,4,2,2,1,4,3,4,1,2,2,2,3,2,3,2,2,2,2,3,4,2,2,2,3,2,1,4,3,2,1,4,4,1,4,2,3,2,2,3,2,N
480,3,4,4,2,4,1,2,3,1,2,4,4,2,4,2,4,4,1,4,4,2,2,2,3,4,4,1,4,1,4,4,3,4,1,4,4,1,2,2,2,3,4,4,3,1,3,2,2,2,3,4,2,3,4,2,2,1,4,3,2,EI
481,1,3,2,2,4,1,4,4,1,2,2,3,3,3,4,4,2,3,2,4,4,4,1,4,1,4,4,2,1,4,4,3,4,1,4,4,3,1,4,3,4,4,4,2,1,3,2,2,4,1,4,4,4,4,1,3,4,2,4,4,EI
482,4,3,4,4,1,4,2,1,4,2,3,4,1,2,2,2,1,4,4,1,4,3,3,2,3,4,3,4,1,4,4,3,1,1,4,4,2,3,4,4,4,2,3,2,2,3,4,1,4,4,2,2,1,2,2,3,2,4,4,4,EI
483,1,4,1,3,4,1,1,3,3,1,1,4,1,1,2,3,2,3,1,3,2,3,3,3,3,3,1,2,1,4,1,1,1,1,2,1,4,2,2,1,1,1,1,2,1,1,1,2,1,2,3,1,1,3,4,1,4,3,3,3,IE
484,4,3,1,3,1,1,2,2,2,3,4,2,4,1,3,4,2,2,3,4,3,1,3,2,3,1,1,2,1,4,4,3,4,1,4,1,4,2,1,2,1,4,3,1,1,4,4,1,2,3,1,3,3,4,2,3,1,3,4,4,IE
485,1,4,2,3,2,3,2,2,4,4,2,3,1,2,4,4,2,1,1,4,2,1,3,4,1,4,4,2,2,3,4,3,1,1,4,3,4,4,1,1,4,4,1,1,4,2,2,3,2,4,4,2,2,2,2,1,3,2,2,3,EI
486,3,2,3,3,1,1,3,1,1,2,1,1,3,4,2,1,3,3,1,3,1,2,3,3,3,2,3,3,1,4,1,1,3,3,1,2,1,1,4,1,1,3,2,2,2,1,1,1,2,3,2,1,2,2,1,4,4,1,3,4,IE
487,3,3,4,1,1,4,3,3,4,2,2,3,1,4,1,2,2,1,4,1,4,4,1,2,1,3,1,1,4,3,1,3,2,1,3,4,3,2,3,2,2,3,3,3,1,1,2,3,1,4,2,1,3,1,2,2,2,2,4,1,N
488,1,3,2,2,3,3,2,2,3,2,2,1,2,2,3,2,3,4,4,3,3,3,2,3,3,2,4,2,1,4,4,1,1,1,3,2,2,1,3,4,2,2,2,4,1,3,3,2,1,4,1,1,4,1,4,4,1,4,2,2,IE
489,2,2,1,4,3,2,2,4,2,3,2,1,4,2,2,2,1,4,2,2,2,1,1,4,2,2,2,1,4,2,2,2,1,4,2,4,2,2,1,1,2,2,2,1,4,2,3,2,4,4,2,3,3,1,1,2,2,2,1,4,N
490,1,1,1,4,2,1,4,4,1,1,1,2,2,3,4,3,4,4,3,1,3,4,1,1,4,2,2,1,4,1,2,2,2,2,2,4,1,4,3,4,1,1,4,1,2,3,1,2,3,1,2,3,1,2,3,1,2,3,1,2,N
491,4,1,1,4,2,4,1,1,4,2,2,4,1,1,1,1,1,4,4,2,1,4,2,1,4,2,4,1,1,4,4,3,1,1,4,2,2,3,2,4,1,1,1,2,4,2,4,2,1,3,3,4,4,4,1,3,4,2,1,4,EI
492,2,3,3,1,2,3,3,3,3,3,3,3,3,2,3,2,1,3,3,2,3,2,2,3,1,1,2,2,1,4,4,2,3,4,1,2,1,3,3,1,3,3,1,3,2,4,4,1,2,1,2,3,3,1,3,4,3,1,3,2,IE
493,1,2,3,1,4,4,1,1,4,1,2,4,2,4,2,4,1,1,2,4,4,4,4,2,3,4,4,2,2,4,4,2,2,4,4,2,4,4,4,3,4,4,4,4,4,1,4,4,4,4,1,4,4,2,4,4,4,4,4,1,N
494,1,1,4,1,1,3,2,4,1,3,4,4,4,4,4,1,3,4,2,3,3,2,1,3,4,3,4,1,1,2,4,3,4,4,4,1,4,3,3,2,1,4,2,3,4,2,3,3,2,3,2,3,3,4,2,2,3,1,1,4,N
495,3,3,1,2,2,1,1,2,3,1,3,3,3,3,3,4,3,2,1,3,1,3,3,2,3,3,2,1,1,1,4,1,1,4,4,1,1,1,1,1,1,3,4,3,3,3,2,3,4,2,1,3,4,3,4,1,1,1,4,4,N
496,3,2,1,2,1,4,2,2,1,2,3,2,1,4,1,3,4,2,3,3,2,2,3,4,2,2,2,2,2,2,1,4,3,4,2,2,2,1,3,3,2,2,1,4,4,3,2,1,2,2,1,4,1,3,2,2,1,1,4,4,N
497,1,1,1,4,1,3,4,1,3,1,1,4,2,2,2,1,2,3,2,3,1,2,1,4,2,3,4,4,1,4,4,3,1,1,4,3,4,1,1,3,4,2,3,1,3,4,4,1,1,3,4,1,1,4,2,2,2,3,3,2,EI
498,3,2,1,4,4,3,3,4,3,2,3,4,1,1,4,3,2,1,2,3,4,2,1,2,1,4,3,4,2,1,3,2,3,2,1,4,2,2,2,1,2,1,3,1,4,3,4,1,3,4,4,3,3,2,2,2,2,3,4,3,N
499,4,2,4,4,2,2,3,4,1,2,4,2,3,4,1,4,3,1,2,3,4,4,1,1,2,1,4,2,2,1,4,1,1,4,4,1,2,2,3,2,2,3,4,4,1,4,2,4,4,1,4,4,2,4,4,4,2,2,4,1,N
500,4,4,4,1,2,2,4,4,4,2,3,4,1,2,2,4,2,4,4,4,4,4,2,4,4,4,2,2,1,4,4,3,3,2,3,2,1,2,1,2,2,1,3,4,2,1,4,4,3,4,1,3,4,3,1,3,4,4,2,3,IE
501,1,1,1,1,2,3,1,3,4,1,2,1,1,4,3,3,2,1,3,4,4,1,1,1,1,1,1,3,4,4,4,3,1,1,1,4,1,2,3,3,3,1,3,3,3,2,3,3,3,4,3,4,4,2,3,2,1,3,3,2,EI
502,4,1,4,1,4,1,1,1,4,4,3,4,2,3,2,2,3,4,4,1,4,1,1,1,1,1,4,4,3,2,2,2,2,1,1,4,4,4,2,2,3,4,2,1,4,4,4,1,4,1,4,1,3,4,4,1,4,3,3,2,N
503,1,3,3,2,2,1,4,4,4,4,3,4,3,4,3,3,3,2,4,3,2,4,1,4,1,3,4,2,1,2,4,3,1,1,4,1,1,1,3,2,2,1,3,3,3,3,3,2,3,1,3,3,4,3,3,2,1,1,2,3,EI
504,1,4,4,3,3,3,4,3,2,3,3,3,4,4,1,1,2,2,1,2,1,2,2,1,4,1,1,4,1,2,1,3,2,2,3,2,1,4,4,1,1,2,1,1,1,4,4,2,3,4,2,3,2,2,1,4,2,3,2,3,N
505,2,2,2,3,4,1,2,2,3,2,1,4,2,3,1,2,1,3,2,4,3,4,2,4,1,4,2,3,1,4,4,3,1,2,1,2,4,4,4,2,3,4,2,2,2,1,3,4,4,4,4,3,4,4,3,4,2,3,4,4,EI
506,2,3,1,4,1,4,4,1,1,4,4,2,1,3,2,2,1,1,1,2,4,2,3,4,1,3,4,4,4,4,4,3,4,1,4,4,4,3,4,4,2,4,2,2,1,4,4,4,4,3,2,1,2,2,1,1,3,2,2,3,EI
507,3,4,3,2,3,3,4,4,4,4,2,1,3,4,3,4,2,1,4,1,4,4,4,4,3,4,4,4,1,2,4,2,2,1,3,2,1,4,2,2,3,3,3,4,1,2,1,4,1,1,3,3,2,3,4,4,4,2,1,4,N
508,3,4,1,2,2,1,4,4,3,2,2,3,4,3,3,3,3,3,1,3,3,2,3,1,2,3,2,2,1,4,4,2,4,4,2,1,1,2,1,4,3,4,2,2,2,1,4,4,4,2,3,2,3,4,1,3,4,3,4,3,IE
509,1,3,4,3,3,3,1,1,1,2,2,3,2,4,2,4,3,3,3,2,2,3,2,2,2,2,4,2,1,4,2,3,2,3,3,4,4,4,2,1,1,3,4,3,4,2,3,4,4,3,4,3,4,3,4,3,4,2,3,4,IE
510,1,1,3,3,4,3,2,3,4,3,4,4,3,3,3,1,1,4,1,1,2,1,2,2,3,3,3,1,1,4,2,1,4,3,3,3,3,2,2,4,2,2,2,3,4,4,4,3,4,4,4,2,2,1,4,4,3,4,3,3,N
511,2,1,4,4,2,1,4,4,4,4,3,4,4,4,1,4,1,4,2,2,1,4,2,3,2,3,2,3,2,3,1,2,2,2,4,4,2,2,2,1,4,1,4,1,2,2,2,2,3,3,2,2,3,3,3,2,2,3,2,3,N
512,4,1,4,1,1,4,1,4,2,3,2,1,4,1,4,3,4,3,2,3,2,3,4,3,2,2,2,2,1,4,1,2,1,3,1,2,1,1,3,4,3,1,4,1,2,1,1,1,2,1,3,4,3,4,2,2,1,4,1,2,IE
513,3,3,3,2,2,3,4,3,4,3,4,3,3,2,2,1,3,4,2,1,4,3,1,1,3,4,3,1,3,2,2,3,2,3,4,3,3,2,2,3,3,3,2,1,4,2,2,3,2,2,3,3,4,4,1,1,4,4,4,2,N
514,4,2,2,3,4,2,3,4,1,1,2,3,2,1,2,1,2,3,4,3,3,3,2,3,2,2,1,2,1,4,2,4,2,1,3,4,1,4,1,4,2,2,2,1,4,2,2,2,4,4,2,1,2,2,2,2,3,4,3,4,IE
515,1,3,3,3,2,1,3,4,1,4,2,3,4,2,2,3,4,3,4,4,2,3,2,2,2,2,1,2,1,4,2,1,1,4,2,2,2,3,3,4,3,4,1,3,2,2,4,4,4,1,4,4,4,1,4,1,4,1,1,4,IE
516,4,2,2,3,1,3,3,1,2,3,4,2,1,2,3,4,4,4,4,1,2,4,3,2,1,2,3,4,2,2,3,4,4,1,2,2,1,1,4,3,4,3,1,3,4,4,3,2,1,1,4,1,2,1,2,1,4,1,2,1,N
517,3,2,3,2,1,2,3,3,2,4,4,4,4,4,1,1,1,1,1,3,1,1,2,3,4,1,4,4,3,1,1,4,4,4,2,2,1,3,4,4,2,1,4,4,4,3,4,4,4,1,4,1,4,4,2,4,4,3,4,3,N
518,2,3,4,3,4,2,1,1,3,4,2,2,2,1,1,1,2,3,4,3,2,2,2,3,4,3,4,1,4,3,3,4,1,1,3,4,2,2,2,2,3,4,4,2,1,4,4,1,3,4,2,4,3,4,3,2,2,1,2,3,N
519,4,1,1,3,2,2,2,1,4,2,1,4,3,3,3,2,3,3,3,2,3,4,3,3,3,3,3,4,2,4,1,4,4,1,2,1,2,1,4,1,3,3,1,3,2,2,3,3,1,3,3,3,4,4,4,3,1,2,2,1,N
520,4,2,2,4,2,2,3,1,1,2,1,2,3,3,3,4,1,4,2,1,4,1,3,1,3,1,1,4,2,2,3,3,1,2,1,2,1,4,4,1,3,3,1,3,4,1,1,4,3,2,3,4,1,1,1,4,4,1,3,3,N
521,1,4,1,3,4,4,1,4,4,4,2,1,3,2,2,3,3,2,1,4,4,1,4,3,4,1,4,1,3,4,1,4,1,2,2,3,2,1,3,2,1,3,1,2,3,3,4,1,2,3,4,3,2,2,1,4,2,1,3,2,N
522,1,2,2,2,2,2,4,2,4,4,2,3,3,2,3,1,2,2,3,2,3,3,3,4,3,4,4,1,4,4,4,3,4,2,4,3,4,4,3,4,4,2,2,2,2,3,4,4,4,4,1,4,3,4,4,1,4,4,1,1,EI
523,1,3,4,3,2,1,1,3,4,3,4,1,1,1,4,4,3,1,3,4,4,3,1,4,4,2,3,4,4,4,4,1,4,4,1,4,1,3,4,2,1,4,2,1,1,4,4,3,4,4,4,4,1,1,3,3,1,1,4,4,N
524,2,3,4,1,4,4,2,1,2,3,2,3,3,2,2,1,4,2,2,3,3,2,2,3,3,2,2,3,4,4,4,3,4,1,4,3,4,4,1,4,1,2,3,4,3,2,3,2,2,2,4,4,2,3,2,3,4,2,2,3,EI
525,4,4,4,2,3,2,3,2,2,3,4,1,2,1,2,1,2,3,2,3,2,2,2,2,2,3,4,2,1,4,1,4,4,3,2,2,1,4,4,4,4,1,2,2,2,1,1,2,1,4,2,2,2,2,1,4,2,1,1,4,IE
526,2,1,3,3,2,3,2,1,2,1,3,2,3,4,3,3,2,3,2,3,1,1,2,3,3,3,1,1,2,3,4,1,1,4,3,3,3,3,2,3,1,1,3,3,2,3,2,3,2,2,1,4,2,3,3,4,1,1,1,4,N
527,2,3,2,4,1,4,1,3,1,1,4,2,3,3,4,2,3,4,2,1,3,4,3,2,3,4,4,1,1,4,4,3,4,1,4,2,1,1,2,3,4,1,2,1,2,4,4,4,3,3,3,4,4,4,4,1,4,2,1,4,EI
528,1,1,3,4,3,1,2,2,1,2,3,3,1,3,3,3,3,3,4,4,3,3,3,2,3,3,3,2,1,4,2,1,2,3,3,3,3,2,3,4,3,1,4,1,1,4,4,3,2,1,4,3,3,4,4,1,1,3,3,2,IE
529,3,3,2,1,1,4,1,3,2,1,3,2,4,1,4,4,1,2,2,3,4,1,4,4,4,2,3,2,1,4,4,3,1,1,4,4,4,4,3,1,4,4,1,4,4,4,1,2,2,3,2,1,1,2,3,2,2,2,1,4,EI
530,3,2,2,2,3,2,2,1,3,3,4,2,2,2,3,2,2,4,4,3,3,3,2,3,2,2,2,2,1,4,4,2,3,2,2,2,4,4,1,2,4,3,2,2,2,3,4,2,3,2,2,3,4,4,2,3,3,3,3,4,IE
531,2,3,3,4,2,2,2,2,1,2,2,4,2,1,2,2,1,2,1,2,4,4,2,2,2,1,4,2,1,4,4,3,4,1,2,3,2,2,2,4,1,4,4,4,3,3,4,4,4,4,1,3,4,1,4,3,4,1,4,4,EI
532,3,2,1,3,2,3,2,3,3,1,3,1,4,1,3,3,1,1,2,3,3,2,2,3,3,2,2,1,1,1,1,3,4,3,2,1,2,2,1,3,3,2,2,3,4,3,1,2,2,3,4,4,3,3,2,3,2,3,3,4,N
533,4,1,2,2,1,1,4,2,2,4,2,1,4,2,3,2,3,4,4,2,2,4,2,1,4,4,2,2,2,2,1,2,2,2,2,3,2,2,2,4,4,4,2,2,3,2,4,2,1,1,1,2,4,4,2,2,4,4,3,4,N
534,1,3,1,2,2,3,1,3,3,4,3,2,1,3,3,3,3,3,2,3,3,3,3,3,3,2,1,2,1,4,1,1,1,1,1,4,3,4,3,4,4,1,4,1,1,4,1,1,1,4,1,2,4,4,1,4,1,4,3,1,IE
535,1,4,3,4,1,3,3,4,1,2,3,3,3,1,1,2,3,4,2,1,2,2,1,2,1,1,4,3,3,2,3,4,3,2,3,2,3,3,2,1,4,2,1,2,3,4,4,2,2,1,1,3,1,2,2,1,1,1,4,1,N
536,2,4,3,4,4,1,4,4,2,2,4,1,2,1,3,2,1,1,2,4,4,2,2,3,4,2,4,2,1,4,4,4,3,4,2,3,4,4,1,3,4,1,4,2,3,4,1,2,2,2,3,4,4,2,2,1,4,4,1,2,N
537,1,2,3,1,3,3,1,2,4,3,1,3,1,1,3,2,2,3,3,3,3,2,3,3,3,3,2,1,1,4,4,3,1,1,4,4,2,3,4,1,4,1,3,2,3,2,2,4,2,3,1,4,4,2,3,3,2,3,3,3,EI
538,3,4,4,3,2,3,4,4,1,2,2,2,4,4,4,3,2,2,2,4,3,4,3,2,2,3,4,2,1,4,4,2,2,4,2,3,4,2,2,2,1,4,2,1,4,2,1,4,4,1,4,3,2,1,4,2,2,1,2,2,IE
539,2,3,3,2,2,1,3,4,4,4,1,3,3,4,1,1,1,1,3,3,3,2,1,3,2,1,1,3,4,1,1,4,2,3,3,2,3,3,1,2,1,3,4,1,4,2,1,3,3,3,3,1,4,4,1,1,3,4,1,2,N
540,3,3,4,3,3,2,2,2,1,1,2,2,2,2,3,3,3,2,3,3,2,2,2,3,3,2,2,2,1,4,4,4,4,2,3,4,2,2,4,4,4,1,4,4,2,3,1,3,2,1,1,1,1,4,4,1,3,2,4,2,IE
541,4,1,2,2,1,4,4,3,2,3,3,3,3,3,3,3,3,3,4,3,3,2,3,1,2,2,2,2,1,4,2,2,1,4,2,1,1,2,1,4,3,4,2,2,2,1,4,4,4,2,3,2,3,4,1,3,4,1,4,3,IE
542,1,2,3,4,1,1,1,4,3,1,2,1,4,1,4,1,1,1,3,4,3,3,2,1,4,1,1,1,1,3,4,1,1,1,1,2,2,1,3,4,3,4,3,3,3,2,2,3,1,3,3,1,1,1,1,4,2,2,1,3,N
543,1,2,3,4,3,2,1,1,1,2,3,4,3,3,2,3,3,4,3,2,1,1,3,2,3,2,1,2,1,4,4,2,3,2,2,3,4,4,3,3,4,3,2,3,1,2,2,2,1,3,4,4,1,2,2,2,1,4,1,4,IE
544,2,2,3,1,2,1,2,1,3,2,2,1,3,4,3,2,3,2,3,3,3,3,2,3,2,3,4,2,1,4,4,2,2,2,2,1,3,4,4,4,3,2,2,1,2,2,3,4,4,1,4,1,1,1,3,4,2,2,1,3,IE
545,2,2,1,4,2,3,4,1,2,3,4,3,2,3,1,2,3,4,3,2,1,2,2,3,3,1,3,3,3,2,3,1,2,2,3,2,1,4,1,3,2,1,2,2,3,3,2,3,1,2,4,1,4,4,1,2,2,4,1,4,N
546,3,3,2,2,2,3,2,3,4,4,4,2,4,2,2,4,4,4,2,3,4,2,1,1,1,4,4,2,2,1,1,2,3,1,4,4,1,2,4,2,3,4,4,2,2,2,2,4,2,4,2,3,2,2,4,4,4,2,3,1,N
547,4,2,4,4,3,4,4,2,4,1,2,1,3,4,4,2,4,4,1,4,2,2,2,3,2,2,4,1,4,4,2,4,4,4,3,4,1,2,4,2,4,2,2,2,2,2,3,4,1,3,4,1,3,4,4,4,2,2,3,2,N
548,1,2,2,1,1,4,1,1,4,4,4,1,3,2,3,1,3,2,1,2,2,3,2,3,4,3,1,2,1,4,4,3,1,1,4,1,1,1,1,1,3,3,1,2,1,3,1,4,1,3,4,1,1,4,1,3,2,3,4,1,EI
549,1,2,3,3,3,4,2,3,4,4,2,1,4,1,2,2,3,4,1,4,2,2,1,2,3,3,1,2,2,3,4,3,1,1,4,4,4,2,3,4,4,4,4,4,2,1,3,3,3,3,3,3,2,3,3,3,2,3,3,1,EI
550,2,1,4,2,1,3,2,3,2,2,2,2,2,2,3,2,3,4,4,2,2,3,3,2,2,3,4,2,1,4,4,3,4,4,3,2,4,2,1,3,2,4,1,2,2,1,3,4,4,3,2,1,3,2,1,3,4,1,1,1,IE
551,4,2,1,1,1,2,3,2,3,2,3,4,4,2,3,3,2,3,2,3,2,3,2,3,3,3,4,2,1,4,1,3,4,1,2,4,4,2,3,4,2,2,2,4,1,1,4,2,2,2,2,2,2,4,1,4,1,3,3,4,IE
552,4,3,1,4,1,1,1,4,3,1,3,2,2,3,4,1,1,2,3,4,4,4,3,4,1,1,1,3,3,3,1,1,4,4,2,3,2,1,4,1,2,3,2,1,4,2,3,4,1,1,3,1,1,4,1,1,4,3,4,3,N
553,2,1,2,4,1,2,2,1,3,2,4,1,1,1,1,2,4,2,1,3,4,4,4,4,2,3,2,1,1,4,4,3,1,1,1,1,4,4,4,3,3,4,4,4,1,4,4,2,2,1,3,4,4,3,4,4,4,3,1,3,EI
554,3,1,2,2,1,2,3,4,2,3,4,4,3,4,1,4,2,3,4,1,1,1,4,3,3,3,2,1,3,1,3,3,2,1,3,1,1,1,3,4,3,2,1,2,1,4,3,4,3,1,4,3,4,4,3,3,1,1,4,4,N
555,2,2,2,1,4,4,4,1,4,2,1,2,3,1,1,4,2,4,1,4,2,1,2,3,4,2,2,2,1,1,2,1,1,2,1,2,2,1,4,2,3,2,2,3,2,3,2,2,2,2,1,4,2,2,1,1,1,4,1,1,N
556,4,1,1,3,4,2,3,3,1,4,3,4,2,2,2,3,2,1,2,3,3,2,3,3,2,3,2,3,2,3,2,3,2,3,2,3,1,3,1,2,2,1,3,2,3,4,1,4,2,1,2,2,2,1,3,3,4,2,3,2,N
557,1,4,4,1,4,2,1,1,1,3,4,1,1,1,2,1,4,2,2,1,1,2,3,2,2,1,2,3,4,2,2,3,2,2,2,2,2,1,3,4,2,2,1,4,1,1,4,4,3,4,2,2,3,4,3,2,4,1,4,2,N
558,2,2,2,3,2,2,1,3,2,4,3,4,4,4,4,2,4,2,2,2,2,1,4,4,2,1,2,2,1,4,4,3,1,4,4,4,4,1,4,2,3,4,4,2,3,4,4,4,3,4,4,4,4,2,1,4,2,2,2,2,EI
559,2,2,3,4,2,2,4,1,2,1,1,4,1,2,2,1,1,2,4,3,2,1,1,4,1,2,2,4,2,2,3,4,4,4,4,4,1,1,4,4,3,2,4,4,2,4,2,4,2,1,2,4,2,2,4,4,2,4,1,2,N
560,4,1,3,2,1,3,2,4,1,4,1,4,2,3,1,3,4,1,4,4,4,2,1,1,2,1,4,3,3,1,3,1,2,3,3,3,2,1,3,2,4,1,2,2,2,2,1,2,4,2,1,4,2,3,4,2,2,3,3,1,N
561,3,4,2,3,3,3,1,1,1,1,3,1,3,2,2,3,4,2,1,1,1,3,4,3,1,4,2,1,4,3,3,4,1,3,2,2,1,4,3,1,4,1,1,1,4,4,3,3,3,1,3,1,3,3,3,3,4,4,3,2,N
562,4,1,4,4,1,4,1,1,4,4,4,4,1,4,4,1,4,4,1,4,1,4,4,1,4,4,1,4,4,1,1,1,4,2,1,4,4,2,2,3,4,3,2,2,2,3,3,3,1,1,4,4,4,4,4,3,3,4,4,2,N
563,4,3,3,3,2,3,1,1,3,3,4,2,3,1,3,3,4,3,2,2,3,1,3,3,3,2,1,3,1,4,1,2,3,2,2,3,4,4,3,3,4,3,2,3,1,2,2,2,1,3,4,4,1,2,2,2,1,4,1,4,IE
564,4,4,1,4,2,3,2,2,1,4,1,1,1,2,1,4,2,1,4,3,2,3,3,1,4,4,2,4,2,3,4,1,4,2,3,2,1,4,2,4,2,4,4,3,4,4,4,3,4,1,4,1,1,2,4,4,2,4,4,4,N
565,2,4,2,1,4,2,3,4,4,2,2,3,3,2,3,4,4,3,2,2,1,1,4,2,1,2,4,3,2,4,4,3,4,1,4,3,4,2,4,3,3,2,3,1,4,1,3,2,2,2,2,4,4,2,3,4,4,1,2,3,EI
566,3,1,1,1,1,1,1,2,1,3,2,1,1,1,1,1,1,2,1,1,3,3,2,2,2,3,3,3,4,2,3,3,2,2,1,3,4,1,1,3,3,1,3,4,4,3,3,1,4,3,4,2,2,3,4,4,3,3,3,3,N
567,1,3,2,3,3,3,2,4,2,3,3,2,1,2,2,2,1,4,4,2,3,4,4,3,3,2,1,4,1,4,4,3,1,1,4,1,4,4,4,1,1,4,4,2,3,3,4,1,4,1,4,4,1,2,2,3,4,4,3,3,EI
568,2,2,3,3,2,1,4,2,3,2,1,4,2,3,2,1,4,4,1,3,3,3,1,1,1,3,4,1,1,4,4,3,1,1,4,1,3,4,1,1,3,3,4,4,4,4,4,1,1,4,1,3,1,3,3,4,3,4,1,2,EI
569,2,1,1,4,1,1,4,2,2,1,1,1,4,2,1,4,3,4,1,1,4,4,3,3,4,2,1,4,1,4,1,1,3,3,3,3,2,3,3,1,2,3,1,1,1,1,3,4,2,2,1,1,4,4,1,3,3,2,1,3,N
570,4,4,3,2,3,2,3,4,2,3,4,4,3,3,2,3,1,4,2,3,3,2,2,3,2,3,3,2,2,2,1,3,3,3,2,3,4,1,2,3,2,2,3,4,4,2,3,3,3,1,4,2,3,2,3,2,3,4,4,1,N
571,4,3,2,1,1,1,1,3,3,1,1,4,2,1,3,1,1,2,3,4,4,2,4,4,1,1,1,2,2,2,1,4,1,4,4,3,2,3,3,1,1,2,1,4,3,1,4,4,4,3,3,2,4,3,1,4,1,1,4,4,N
572,2,1,4,1,2,3,4,4,4,3,2,3,1,2,1,1,2,1,1,1,1,2,3,3,3,2,4,4,2,4,4,3,1,1,4,1,4,1,4,4,4,2,2,1,1,4,2,3,2,1,4,1,4,1,2,2,1,2,1,4,EI
573,3,3,4,4,2,3,4,4,3,4,1,1,1,4,4,2,2,4,1,4,4,1,1,4,4,2,4,1,4,1,4,3,1,1,4,3,2,3,4,3,1,2,1,3,3,2,3,3,1,3,3,3,4,1,2,1,3,3,3,3,EI
574,3,4,2,4,3,2,2,3,4,2,4,4,1,2,1,1,4,2,1,1,1,1,4,4,2,3,2,2,3,3,2,2,2,1,4,2,1,1,2,2,3,4,4,2,2,1,4,4,4,2,4,4,3,4,4,2,2,1,2,2,N
575,1,4,2,4,2,2,2,3,2,3,4,3,2,3,3,3,2,2,1,3,4,4,4,1,4,2,1,2,1,4,2,2,1,3,3,3,4,4,4,4,2,2,1,3,2,2,3,4,1,1,2,2,3,4,4,3,4,2,2,4,IE
576,1,4,3,4,4,2,1,3,4,1,3,2,3,2,4,4,2,3,2,1,4,3,4,2,1,1,2,2,3,2,3,4,2,2,3,2,2,2,4,4,4,3,3,2,1,1,4,2,4,1,3,3,2,3,2,2,3,1,2,2,N
577,3,3,2,3,1,3,4,3,2,3,3,4,4,4,3,2,3,2,3,3,2,3,4,4,2,3,4,2,3,2,3,3,3,4,2,2,3,2,3,4,3,4,4,3,2,2,3,2,1,3,2,2,3,4,2,3,4,2,3,4,N
578,3,1,3,4,1,1,1,1,4,3,3,4,3,3,2,3,3,4,3,4,4,1,3,4,4,3,2,1,2,3,2,4,2,1,3,3,1,1,2,2,1,4,2,1,1,2,3,4,4,1,3,1,2,4,1,1,4,2,3,3,N
579,2,3,1,4,2,2,3,1,4,1,1,2,1,3,2,2,2,1,2,2,1,1,3,1,3,2,3,2,2,1,2,2,2,1,2,3,3,1,1,4,4,1,4,1,1,1,1,4,4,2,3,1,3,2,1,1,4,4,4,3,N
580,2,2,3,3,4,2,3,2,1,4,1,4,2,4,4,1,4,1,1,1,4,2,1,3,3,3,4,3,3,3,4,3,1,2,1,1,4,1,3,2,2,4,2,1,4,1,2,4,3,4,3,1,1,1,3,4,3,3,2,2,N
581,1,2,2,2,2,4,3,2,4,3,4,2,2,2,3,4,1,2,1,2,3,4,2,4,2,2,3,4,2,1,2,2,2,4,3,4,3,3,2,2,2,2,1,2,1,4,4,4,1,4,2,2,4,2,2,2,2,3,3,2,N
582,1,4,2,1,4,1,1,2,4,2,3,1,1,4,3,1,3,4,3,1,1,2,4,1,1,2,2,2,3,3,2,1,3,4,1,1,4,2,1,4,3,3,4,1,3,1,4,4,3,1,4,4,2,3,3,1,1,1,2,1,N
583,4,4,2,3,4,2,2,4,4,1,4,2,2,2,2,3,2,1,3,4,2,3,4,1,4,1,3,4,4,1,4,3,1,1,4,4,1,4,4,4,1,4,1,3,4,4,1,4,4,2,1,3,2,1,3,4,3,2,3,4,EI
584,2,2,1,3,2,2,1,4,1,4,3,4,3,2,3,3,2,3,3,2,3,3,2,3,2,3,4,4,1,4,4,3,1,4,4,1,4,2,2,4,2,3,4,2,2,1,2,2,2,2,3,4,1,1,4,2,3,4,4,3,EI
585,1,4,1,2,3,4,4,1,1,4,3,3,2,1,3,1,2,2,3,1,1,4,3,1,2,3,4,3,1,1,3,1,1,3,1,2,2,3,2,1,1,3,4,3,3,3,4,1,4,4,1,4,2,1,3,4,3,3,3,3,N
586,4,2,1,4,1,4,4,1,4,2,3,4,1,1,4,1,1,4,4,1,4,2,1,4,4,1,2,1,2,2,1,4,2,4,2,2,2,1,2,2,3,4,4,1,4,2,4,2,1,3,4,1,1,4,1,1,4,1,1,2,N
587,2,2,3,2,2,2,2,1,2,2,3,2,2,2,1,2,3,2,3,1,4,4,3,3,2,2,1,4,3,2,1,1,1,3,4,4,1,1,1,3,1,3,4,3,4,4,2,3,3,3,3,2,3,2,1,2,3,2,2,1,N
588,1,4,3,1,4,2,2,1,1,1,4,1,2,2,1,3,2,1,4,2,4,3,3,3,2,2,3,3,3,1,3,4,3,4,3,4,1,4,1,1,3,3,4,1,1,1,3,4,1,2,3,1,4,2,1,3,3,1,3,3,N
589,4,4,3,4,2,2,3,2,1,4,2,4,3,3,2,4,4,4,2,3,4,4,1,4,1,2,4,1,4,4,4,3,4,1,4,3,3,3,3,3,2,2,2,2,2,3,2,3,4,2,2,1,2,2,2,3,2,1,4,2,EI
590,2,1,4,2,2,2,3,4,1,2,1,2,3,4,2,2,2,3,4,2,3,3,3,4,2,3,4,2,1,4,2,2,2,3,3,2,3,3,2,1,2,2,4,1,3,4,1,4,3,4,2,1,2,4,3,3,2,1,1,4,IE
591,3,1,3,4,4,4,2,1,4,2,3,2,4,3,2,3,3,2,1,2,2,4,3,2,1,1,4,4,1,4,4,3,1,2,4,4,4,2,2,4,4,4,4,4,4,3,4,4,4,2,4,4,2,2,3,2,1,2,4,4,EI
592,3,2,1,3,3,3,3,3,4,4,4,2,2,2,2,3,3,3,2,3,2,3,4,2,2,2,3,3,1,4,4,3,4,3,2,1,4,1,2,2,3,4,1,2,2,2,1,4,4,2,1,4,2,2,1,1,2,1,1,4,IE
593,1,1,1,1,4,2,1,3,3,2,3,1,1,4,4,2,3,4,3,3,3,2,3,2,2,1,2,2,1,4,4,3,3,3,2,2,4,2,2,2,2,1,2,2,1,2,2,3,4,1,2,4,4,3,4,1,3,2,3,3,IE
594,3,4,1,2,3,4,2,4,4,4,4,1,2,4,4,2,3,2,3,4,1,2,4,1,4,4,1,4,4,1,2,3,4,2,1,4,2,1,3,2,4,1,2,2,2,2,1,1,4,2,3,4,1,2,2,1,4,2,3,4,N
595,3,4,2,3,1,1,2,3,3,2,1,1,4,1,3,1,4,1,4,2,2,3,2,2,3,4,4,1,2,3,3,3,3,2,2,4,3,4,4,2,2,4,2,4,4,2,1,1,2,2,1,2,2,2,2,1,1,4,1,3,N
596,1,3,2,4,3,4,4,1,4,1,3,4,2,1,4,2,3,4,1,4,4,2,1,4,2,1,2,1,1,4,4,3,4,4,4,4,1,2,3,4,3,1,2,4,3,4,4,1,2,4,4,2,2,3,2,2,2,2,3,2,EI
597,2,2,3,4,1,2,1,4,2,1,3,2,1,2,1,3,4,4,1,1,4,2,2,1,3,1,3,4,1,3,4,2,1,4,2,2,4,1,2,2,3,4,4,1,2,2,2,2,1,2,2,4,1,4,1,1,2,2,2,2,N
598,3,2,1,1,2,2,1,4,1,4,4,3,3,2,2,3,4,3,4,4,3,3,2,2,3,4,2,1,4,1,1,1,1,2,1,4,3,2,2,1,4,4,1,4,2,1,2,3,1,3,2,1,4,4,1,2,3,3,3,4,N
599,4,4,2,1,3,2,4,3,3,4,1,4,1,1,3,4,1,1,3,4,4,1,1,1,1,4,1,1,2,4,3,4,2,3,2,2,1,4,1,2,2,2,1,1,1,3,2,3,1,1,2,1,3,1,4,3,3,2,3,2,N
600,1,4,4,2,1,2,2,3,2,3,2,2,4,4,4,2,1,2,2,2,2,2,1,1,3,2,4,2,1,3,2,3,3,2,3,3,2,1,4,2,4,1,2,1,3,2,2,1,2,3,3,3,4,4,4,1,1,2,1,3,N