1,7.3,0.51,0.29,11.3,0.034,61,224,0.99683,3.14,0.56,9.5,6
2,7.2,0.23,0.38,14.3,0.058,55,194,0.9979,3.09,0.44,9,6
3,7.2,0.35,0.34,12.4,0.051,6,37,0.9944,3.13,0.39,11.5,6
4,5.5,0.485,0,1.5,0.065,8,103,0.994,3.63,0.4,9.7,4
5,6.3,0.25,0.22,3.3,0.048,41,161,0.99256,3.16,0.5,10.5,6
6,7.6,0.48,0.31,9.4,0.046,6,194,0.99714,3.07,0.61,9.4,5
7,5.6,0.245,0.32,1.1,0.047,24,152,0.9927,3.12,0.42,9.3,6
8,7.1,0.26,0.34,14.4,0.067,35,189,0.9986,3.07,0.53,9.1,7
9,7.2,0.19,0.31,1.4,0.046,37,135,0.9939,3.34,0.57,10.2,7
10,7,0.22,0.26,9.2,0.027,37,122,0.99228,3.06,0.34,12.5,8
11,6.8,0.17,0.32,1.4,0.04,35,106,0.99026,3.16,0.66,12,5
12,7.2,0.24,0.24,1.7,0.045,18,161,0.99196,3.25,0.53,11.2,6
13,6.1,0.28,0.25,12.9,0.054,34,189,0.9979,3.25,0.43,9,4
14,5.7,0.21,0.32,0.9,0.038,38,121,0.99074,3.24,0.46,10.6,6
15,6.8,0.19,0.23,5.1,0.034,71,204,0.9942,3.23,0.69,10.1,5
16,6.9,0.25,0.24,3.6,0.057,13,85,0.9942,2.99,0.48,9.5,4
17,8.7,0.31,0.73,14.35,0.044,27,191,1.00013,2.96,0.88,8.7,5
18,5.8,0.32,0.38,4.75,0.033,23,94,0.991,3.42,0.42,11.8,7
19,6.7,0.19,0.23,6.2,0.047,36,117,0.9945,3.34,0.43,9.6,6
20,6.6,0.24,0.38,8,0.042,56,187,0.99577,3.21,0.46,9.2,5
21,6.5,0.21,0.4,7.3,0.041,49,115,0.99268,3.21,0.43,11,6
22,6.5,0.22,0.45,8,0.053,52,196,0.9959,3.23,0.48,9.1,6
23,6.9,0.26,0.27,4.2,0.031,20,80,0.99089,3.12,0.39,11.5,6
24,6,0.22,0.33,12.2,0.033,25,97,0.99356,3.17,0.42,11.3,7
25,6.9,0.33,0.26,5,0.027,46,143,0.9924,3.25,0.43,11.2,7
26,7.1,0.34,0.31,5.2,0.032,36,140,0.99166,3.35,0.47,12.3,7
27,6.6,0.18,0.28,1.7,0.041,53,161,0.99207,3.13,0.45,10.2,6
28,6.5,0.37,0.33,3.5,0.036,23,92,0.99136,3.18,0.38,11.2,6
29,6.7,0.24,0.29,6.8,0.038,54,127,0.9932,3.33,0.46,11.6,7
30,6.8,0.21,0.27,2.1,0.03,26,139,0.99,3.16,0.61,12.6,7
31,7.7,0.23,0.31,10.7,0.038,59,186,0.9969,3.12,0.55,9.5,6
32,5.6,0.26,0.5,11.4,0.029,25,93,0.99428,3.23,0.49,10.5,6
33,7.2,0.43,0.24,6.7,0.058,40,163,0.995,3.2,0.41,9.9,5
34,7.1,0.55,0.13,1.7,0.073,21,165,0.994,2.97,0.58,9.2,6
35,7,0.22,0.26,9.2,0.027,37,122,0.99228,3.06,0.34,12.5,8
36,8.2,0.15,0.48,2.7,0.052,24,190,0.995,3.5,0.45,10.9,7
37,6.9,0.34,0.36,1.4,0.032,13,145,0.99214,3.07,0.52,9.8,5
38,7.3,0.22,0.26,1.5,0.04,32,172,0.99194,3.27,0.48,11.2,6
39,6.7,0.2,0.3,1.4,0.025,17,76,0.99104,3.11,0.44,11,6
40,5,0.455,0.18,1.9,0.036,33,106,0.98746,3.21,0.83,14,7
41,7.8,0.29,0.33,8.75,0.035,33,181,0.9962,3.11,0.46,10.7,5
42,7.7,0.4,0.27,4.5,0.034,27,95,0.99175,3.21,0.59,12.3,8
43,7.3,0.4,0.26,5.45,0.016,26,90,0.98951,2.84,0.54,13.2,7
44,6.4,0.18,0.32,9.6,0.052,24,90,0.9963,3.35,0.49,9.4,6
45,8,0.27,0.24,1.2,0.044,20,102,0.9929,3.28,0.42,10.9,5
46,6,0.38,0.26,6,0.034,42,134,0.9912,3.38,0.38,12.3,7
47,6.7,0.41,0.27,2.6,0.033,25,85,0.99086,3.05,0.34,11.7,6
48,6.5,0.15,0.32,1.3,0.036,19,76,0.98964,3.18,0.41,12.3,6
49,6.5,0.27,0.4,10,0.039,74,227,0.99582,3.18,0.5,9.4,5
50,7.6,0.3,0.25,4.3,0.054,22,111,0.9956,3.12,0.49,9.2,5
51,6.7,0.23,0.31,2.1,0.046,30,96,0.9926,3.33,0.64,10.7,8
52,8.3,0.33,0.43,9.2,0.046,22,126,0.9982,3.38,0.47,9.3,5
53,8.5,0.2,0.4,1.1,0.046,31,106,0.99194,3,0.35,10.5,4
54,6.6,0.2,0.38,7.9,0.052,30,145,0.9947,3.32,0.56,11,7
55,7.6,0.31,0.52,13.2,0.042,61,148,0.99839,2.98,0.47,9.1,6
56,6.5,0.24,0.32,7.6,0.038,48,203,0.9958,3.45,0.54,9.7,7
57,6.5,0.26,0.34,1.4,0.04,25,184,0.99216,3.29,0.46,10.7,5
58,6.2,0.345,0.27,10.1,0.056,38,187,0.99486,3.31,0.56,10.6,5
59,6,0.25,0.28,2.2,0.026,54,126,0.9898,3.43,0.65,12.9,8
60,7.4,0.21,0.27,7.3,0.031,41,144,0.9932,3.15,0.38,11.8,7
61,7,0.36,0.35,2.5,0.048,67,161,0.99146,3.05,0.56,11.1,6
62,7.5,0.23,0.32,9.2,0.038,54,191,0.9966,3.04,0.56,9.7,6
63,5.1,0.35,0.26,6.8,0.034,36,120,0.99188,3.38,0.4,11.5,6
64,5.6,0.12,0.33,2.9,0.044,21,73,0.98896,3.17,0.32,12.9,8
65,6.4,0.24,0.49,5.8,0.053,25,120,0.9942,3.01,0.98,10.5,6
66,6.9,0.22,0.32,5.8,0.041,20,119,0.99296,3.17,0.55,11.2,6
67,5.2,0.25,0.23,1.4,0.047,20,77,0.99001,3.32,0.62,11.4,5
68,5.8,0.32,0.2,2.6,0.027,17,123,0.98936,3.36,0.78,13.9,7
69,7,0.24,0.3,12.3,0.035,72,172,0.9954,2.99,0.57,10.4,6
70,5.8,0.35,0.29,3.2,0.034,41,151,0.9912,3.35,0.58,11.63333333,7
71,7,0.2,0.3,6.1,0.037,31,120,0.9939,3.24,0.51,10.8,5
72,6.1,0.27,0.28,9.8,0.042,61,125,0.99532,3.14,0.42,10.2,6
73,6.2,0.32,0.12,4.8,0.054,6,97,0.99424,3.16,0.5,9.3,5
74,7.1,0.31,0.25,11.2,0.048,32,136,0.99663,3.14,0.4,9.5,5
75,6.4,0.25,0.32,0.9,0.034,40,114,0.99114,3.31,0.58,10.8,7
76,9.8,0.36,0.45,1.6,0.042,11,124,0.9944,2.93,0.46,10.8,5
77,8,0.13,0.25,1.1,0.033,15,86,0.99044,2.98,0.39,11.2,8
78,7.7,0.34,0.27,8.8,0.063,39,184,0.9969,3.09,0.63,9.2,6
79,7.9,0.33,0.26,1.2,0.044,23,103,0.9932,3.19,0.54,10.5,6
80,8.2,0.2,0.49,3.5,0.057,14,108,0.9928,3.19,0.35,11.5,6
81,6.7,0.18,0.3,6.4,0.048,40,251,0.9956,3.29,0.52,10,5
82,6.8,0.27,0.24,4.6,0.098,36,127,0.99412,3.15,0.49,9.6,6
83,7.6,0.39,0.22,2.8,0.036,19,113,0.9926,3.03,0.29,10.2,5
84,7.3,0.2,0.44,1.4,0.045,21,98,0.9924,3.15,0.46,10,7
85,6.6,0.12,0.25,1.4,0.039,21,131,0.99114,3.2,0.45,11.2,7
86,8.2,0.38,0.49,13.6,0.042,58,166,0.99855,3.1,0.54,9.4,5
87,7.2,0.27,0.42,1.6,0.05,35,135,0.992,2.94,0.46,11,6
88,6.6,0.24,0.3,13,0.052,18,143,0.99825,3.37,0.49,9.4,6
89,7.2,0.22,0.28,7.2,0.06,41,132,0.9935,3.08,0.59,11.3,6
90,7.8,0.18,0.31,12.2,0.053,46,140,0.998,3.06,0.53,8.9,6
91,6.1,0.36,0.26,8.15,0.035,14,88,0.99031,3.06,0.27,13,7
92,6.5,0.28,0.29,2.7,0.038,26,107,0.9912,3.32,0.41,11.6,7
93,5.9,0.17,0.3,1.4,0.042,25,119,0.9931,3.68,0.72,10.5,6
94,5.6,0.26,0.27,10.6,0.03,27,119,0.9947,3.4,0.34,10.7,7
95,6.6,0.28,0.42,8.2,0.044,60,196,0.99562,3.14,0.48,9.4,5
96,7.3,0.22,0.49,9.9,0.031,48,161,0.9937,3.01,0.28,11.2,6
97,6.2,0.3,0.49,11.2,0.058,68,215,0.99656,3.19,0.6,9.4,6
98,6.4,0.29,0.3,6.5,0.209,62,156,0.99478,3.1,0.4,9.4,5
99,7.4,0.25,0.49,1.1,0.042,35,156,0.9917,3.13,0.55,11.3,5
100,6.5,0.41,0.22,4.8,0.052,49,142,0.9946,3.14,0.62,9.2,5
101,7.2,0.46,0.65,10.4,0.05,76,192,0.9976,3.16,0.42,8.7,5
102,7,0.29,0.33,0.9,0.041,20,117,0.99048,3.21,0.5,11.4,5
103,7.8,0.27,0.28,1.8,0.05,21,127,0.9934,3.15,0.44,9.9,5
104,7.2,0.24,0.36,2,0.029,21,63,0.99076,3.13,0.63,12.5,6
105,5.9,0.26,0.24,2.4,0.046,27,132,0.99234,3.63,0.73,11.3,5
106,6.6,0.21,0.39,2.3,0.041,31,102,0.99221,3.22,0.58,10.9,7
107,5.5,0.16,0.22,4.5,0.03,30,102,0.9938,3.24,0.36,9.4,6
108,6.8,0.18,0.35,5.4,0.054,53,143,0.99287,3.1,0.54,11,7
109,8.2,0.37,0.36,1,0.034,17,93,0.9906,3.04,0.32,11.7,8
110,6.5,0.32,0.23,8.5,0.051,20,138,0.9943,3.03,0.42,10.7,5
111,8,0.37,0.32,1.6,0.04,32,166,0.992,3,0.55,11.3,7
112,5.8,0.29,0.38,10.7,0.038,49,136,0.99366,3.11,0.59,11.2,6
113,6.7,0.31,0.31,9.9,0.04,10,175,0.9953,3.46,0.55,11.4,4
114,6.8,0.21,0.36,18.1,0.046,32,133,1,3.27,0.48,8.8,5
115,6.2,0.66,0.48,1.2,0.029,29,75,0.9892,3.33,0.39,12.8,8
116,7.1,0.22,0.32,16.9,0.056,49,158,0.9998,3.37,0.38,9.6,6
117,7.7,0.28,0.35,15.3,0.056,31,117,0.9998,3.27,0.5,9.6,5
118,7.3,0.4,0.28,6.5,0.037,26,97,0.99148,3.16,0.58,12.6,7
119,6.5,0.26,0.5,8,0.051,46,197,0.99536,3.18,0.47,9.5,5
120,5.6,0.225,0.24,9.8,0.054,59,140,0.99545,3.17,0.39,10.2,6
121,7.2,0.23,0.25,18.8,0.085,19,111,1.00044,3.1,0.51,8.7,5
122,6,0.32,0.46,1.5,0.05,56,189,0.99308,3.24,0.49,9.6,5
123,5.8,0.28,0.66,9.1,0.039,26,159,0.9965,3.66,0.55,10.8,5
124,8.8,0.19,0.3,5,0.028,34,120,0.99242,2.94,0.47,11.2,5
125,5.8,0.26,0.18,1.2,0.031,40,114,0.9908,3.42,0.4,11,7
126,6,0.22,0.23,5,0.045,10,122,0.99261,2.94,0.63,10,6
127,6.8,0.28,0.29,11.9,0.052,51,149,0.99544,3.02,0.58,10.4,6
128,7.9,0.19,0.45,1.5,0.045,17,96,0.9917,3.13,0.39,11,6
129,5.6,0.19,0.47,4.5,0.03,19,112,0.9922,3.56,0.45,11.2,6
130,7.1,0.28,0.19,7.8,0.04,48,184,0.99579,3.16,0.5,9.4,5
131,6.9,0.23,0.34,4,0.047,24,128,0.9944,3.2,0.52,9.7,6
132,7,0.53,0.02,1,0.036,39,107,0.993,3.2,0.32,9,5
133,6.5,0.26,0.43,8.9,0.083,50,171,0.9965,2.85,0.5,9,5
134,7.1,0.36,0.2,1.6,0.271,24,140,0.99356,3.11,0.63,9.8,5
135,7.4,0.26,0.3,7.9,0.049,38,157,0.9963,3.13,0.48,8.9,6
136,7.3,0.42,0.38,6.8,0.045,29,122,0.9925,3.19,0.37,12.6,7
137,6.8,0.18,0.21,5.4,0.053,34,104,0.99445,3.3,0.43,9.4,5
138,5,0.24,0.21,2.2,0.039,31,100,0.99098,3.69,0.62,11.7,6
139,6.9,0.22,0.31,6.3,0.029,41,131,0.99326,3.08,0.49,10.8,6
140,6,0.3,0.44,1.5,0.046,15,182,0.99455,3.5,0.52,10.4,5
141,7.3,0.22,0.3,8.2,0.047,42,207,0.9966,3.33,0.46,9.5,6
142,7.2,0.2,0.61,16.2,0.043,14,103,0.9987,3.06,0.36,9.2,6
143,6.8,0.27,0.37,8.2,0.055,52,192,0.99586,3.11,0.52,9.5,6
144,7.1,0.26,0.34,14.4,0.067,35,189,0.9986,3.07,0.53,9.1,7
145,6.4,0.21,0.44,7.4,0.045,47,182,0.9957,3.24,0.46,9.1,5
146,6.8,0.16,0.18,1.8,0.046,31,114,0.99226,3.27,0.55,10.8,6
147,7.9,0.29,0.36,11.1,0.033,43,208,0.9969,3.14,0.46,10.3,5
148,7.4,0.18,0.29,1.4,0.042,34,101,0.99384,3.54,0.6,10.5,7
149,6.3,0.33,0.2,17.9,0.066,36,161,0.9991,3.14,0.51,8.8,5
150,7.1,0.26,0.3,2,0.031,13,128,0.9917,3.19,0.49,11.4,5
151,7.2,0.27,0.37,5.4,0.026,27,114,0.99174,3.13,0.84,12.7,5
152,7,0.36,0.32,10.05,0.045,37,131,0.99352,3.09,0.33,11.7,8
153,6.1,0.33,0.3,3,0.036,30,124,0.98922,3.31,0.4,13.1,7
154,6.4,0.62,0.12,4.7,0.06,33,196,0.99556,3.22,0.48,8.9,5
155,5.2,0.17,0.27,0.7,0.03,11,68,0.99218,3.3,0.41,9.8,5
156,8.4,0.18,0.42,5.1,0.036,7,77,0.9939,3.16,0.52,11.7,5
157,4.2,0.215,0.23,5.1,0.041,64,157,0.99688,3.42,0.44,8,3
158,6.8,0.19,0.33,4.9,0.047,42,130,0.99283,3.12,0.56,11,6
159,7.8,0.26,0.44,1.3,0.037,43,132,0.9944,3.18,0.65,10,5
160,6.5,0.24,0.38,1,0.027,31,90,0.98926,3.24,0.36,12.3,6
161,6.4,0.32,0.31,1.9,0.037,34,126,0.99,3.06,0.45,11.8,6
162,5.3,0.43,0.11,1.1,0.029,6,51,0.99076,3.51,0.48,11.2,4
163,7.7,0.24,0.31,1.3,0.047,33,106,0.993,3.22,0.55,10.8,6
164,6.4,0.18,0.35,1,0.045,39,108,0.9911,3.31,0.35,10.9,6
165,7.5,0.23,0.36,7,0.036,43,161,0.9938,3.04,0.32,11,5
166,6,0.32,0.3,1.3,0.025,18,112,0.98802,3.07,0.64,13.3,7
167,6.2,0.28,0.51,7.9,0.056,49,206,0.9956,3.18,0.52,9.4,5
168,7.4,0.38,0.34,8.3,0.052,44,168,0.99627,3.11,0.52,9.2,5
169,5.9,0.26,0.4,1.3,0.047,12,139,0.9945,3.45,0.53,10.4,5
170,5.5,0.18,0.22,5.5,0.037,10,86,0.99156,3.46,0.44,12.2,5
171,6.5,0.15,0.55,5.9,0.045,75,162,0.99482,2.97,0.4,9.3,5
172,6.5,0.22,0.25,17.1,0.05,44,138,1.0001,3.3,0.37,8.8,5
173,7.6,0.2,0.26,4.8,0.033,26,76,0.99076,2.98,0.49,12.3,7
174,6.3,0.29,0.14,7.05,0.045,50,177,0.99564,3.23,0.42,9,5
175,7.1,0.32,0.3,9.9,0.041,63,192,0.99642,3.12,0.49,10.2,6
176,7,0.25,0.56,2,0.035,20,95,0.9918,3.23,0.53,11,6
177,6.4,0.15,0.31,1.1,0.044,25,96,0.9932,3.54,0.51,10.3,6
178,6.6,0.22,0.53,15.1,0.052,22,136,0.9986,2.94,0.35,9.4,5
179,6.2,0.35,0.2,18.1,0.069,33,158,0.99908,3.15,0.5,8.8,6
180,6.6,0.16,0.25,9.8,0.049,59.5,137,0.995,3.16,0.38,10,6
181,7,0.28,0.39,8.7,0.051,32,141,0.9961,3.38,0.53,10.5,6
182,6.4,0.25,0.3,5.5,0.038,15,129,0.9948,3.14,0.49,9.6,6
183,7.6,0.3,0.37,1.6,0.087,27,177,0.99438,3.09,0.5,9.8,5
184,6.1,0.21,0.3,6.3,0.039,47,136,0.99068,3.27,0.31,12.7,6
185,7.5,0.19,0.4,7.1,0.056,50,110,0.9954,3.06,0.52,9.9,6
186,11.8,0.23,0.38,11.1,0.034,15,123,0.9997,2.93,0.55,9.7,3
187,7.4,0.27,0.26,11.8,0.053,55,173,0.99699,3.11,0.6,9.8,5
188,8.9,0.33,0.32,1.5,0.047,11,200,0.9954,3.19,0.46,9.4,5
189,6.3,0.39,0.24,6.9,0.069,9,117,0.9942,3.15,0.35,10.2,4
190,8.3,0.26,0.31,2,0.029,14,141,0.99077,2.95,0.77,12.2,6
191,6.7,0.325,0.82,1.2,0.152,49,120,0.99312,2.99,0.38,9.2,5
192,6.2,0.39,0.24,4.8,0.037,45,138,0.99174,3.23,0.43,11.2,7
193,8.3,0.18,0.3,1.1,0.033,20,57,0.99109,3.02,0.51,11,6
194,6.4,0.25,0.33,1.4,0.04,42,115,0.9906,3.19,0.48,11.3,7
195,6.8,0.32,0.34,6,0.05,5,129,0.9953,3.19,0.4,9.1,5
196,6.5,0.22,0.25,17.1,0.05,44,138,1.0001,3.3,0.37,8.8,5
197,5.4,0.27,0.22,4.6,0.022,29,107,0.98889,3.33,0.54,13.8,6
198,7.6,0.22,0.34,9.7,0.035,26,143,0.9965,3.08,0.49,9.8,6
199,6.8,0.18,0.28,9.8,0.039,29,113,0.99406,3.11,0.45,10.9,7
200,5.8,0.61,0.01,8.4,0.041,31,104,0.9909,3.26,0.72,14.05,7
201,6.6,0.3,0.3,4.8,0.17,60,166,0.9946,3.18,0.47,9.4,5
202,6.7,0.23,0.42,11.2,0.047,52,171,0.99758,3.54,0.74,10.4,5
203,7.1,0.26,0.3,2,0.031,13,128,0.9917,3.19,0.49,11.4,5
204,6.9,0.19,0.35,6.9,0.045,51,125,0.9933,3.1,0.44,10.7,7
205,6.2,0.3,0.32,1.7,0.032,30,130,0.9911,3.28,0.41,11.2,7
206,6.6,0.2,0.27,10.9,0.038,29,130,0.99496,3.11,0.44,10.5,7
207,7,0.16,0.32,8.3,0.045,38,126,0.9958,3.21,0.34,9.2,5
208,6.4,0.22,0.49,7.5,0.054,42,151,0.9948,3.27,0.52,10.1,6
209,6.9,0.4,0.37,8.9,0.053,36,148,0.996,3.16,0.5,9.3,5
210,7.8,0.3,0.74,1.8,0.033,33,156,0.991,3.29,0.52,12.8,6
211,6.7,0.16,0.32,12.5,0.035,18,156,0.99666,2.88,0.36,9,6
212,6.7,0.12,0.36,2.3,0.039,43,125,0.99229,3.07,0.67,10.1,7
213,6.3,0.35,0.3,5.7,0.035,8,97,0.9927,3.27,0.41,11,7
214,6.7,0.27,0.25,8,0.053,54,202,0.9961,3.22,0.43,9.3,5
215,7.7,0.26,0.31,1.3,0.043,47,155,0.9937,3.42,0.5,10.1,6
216,6,0.28,0.35,1.9,0.037,16,120,0.9933,3.16,0.69,10.6,5
217,5.5,0.28,0.21,1.6,0.032,23,85,0.99027,3.42,0.42,12.5,5
218,8,0.25,0.13,17.2,0.036,49,219,0.9996,2.96,0.46,9.7,5
219,6.9,0.24,0.37,6.1,0.027,38,112,0.99086,3.19,0.34,12.4,6
220,8.1,0.31,0.24,1.6,0.032,10,67,0.9924,3.08,0.47,10.5,5
221,6.9,0.29,0.23,8.6,0.056,56,215,0.9967,3.17,0.44,8.8,5
222,8.8,0.33,0.44,6.35,0.024,9,87,0.9917,2.96,0.4,12.6,7
223,7.2,0.15,0.39,1.8,0.043,21,159,0.9948,3.52,0.47,10,5
224,6.2,0.25,0.44,15.8,0.057,39,167,0.99804,3.14,0.51,9.2,5
225,8.2,0.22,0.3,1.8,0.047,47,185,0.9933,3.13,0.5,10.2,6
226,7.7,0.26,0.34,6.4,0.05,36,163,0.9937,3.19,0.7,11.5,6
227,6.9,0.52,0.54,7.9,0.036,23,169,0.99267,3.26,0.47,12.2,6
228,5.9,0.19,0.21,1.7,0.045,57,135,0.99341,3.32,0.44,9.5,5
229,5.9,0.2,0.28,12.8,0.038,29,132,0.99426,3.31,0.57,11.8,7
230,7.9,0.22,0.49,3.8,0.042,26,105,0.993,3.1,0.39,10.5,5
231,7.3,0.25,0.36,13.1,0.05,35,200,0.9986,3.04,0.46,8.9,7
232,7.9,0.26,0.33,10.3,0.039,73,212,0.9969,2.93,0.49,9.5,6
233,7.7,0.29,0.48,2.3,0.049,36,178,0.9931,3.17,0.64,10.6,6
234,7.15,0.17,0.24,9.6,0.119,56,178,0.99578,3.15,0.44,10.2,6
235,4.8,0.65,0.12,1.1,0.013,4,10,0.99246,3.32,0.36,13.5,4
236,6.3,0.25,0.23,14.9,0.039,47,142,0.99705,3.14,0.35,9.7,6
237,7.2,0.47,0.16,5.9,0.048,14,125,0.99428,3.09,0.49,9.8,5
238,5.8,0.2,0.27,1.4,0.031,12,77,0.9905,3.25,0.36,10.9,7
239,6.9,0.75,0.13,6.3,0.036,19,50,0.99312,3.09,0.25,11.1,4
240,7.1,0.43,0.25,2.8,0.036,43,132,0.98975,3.21,0.47,13.4,6
241,7.4,0.34,0.3,14.9,0.037,70,169,0.99698,3.25,0.37,10.4,6
242,6.3,0.15,0.3,1.4,0.022,38,100,0.99099,3.42,0.57,11.4,7
243,6.2,0.25,0.42,8,0.049,53,206,0.99586,3.16,0.47,9.1,6
244,9.2,0.25,0.34,1.2,0.026,31,93,0.9916,2.93,0.37,11.3,7
245,6.3,0.19,0.29,2,0.022,33,96,0.98902,3.04,0.54,12.8,7
246,7,0.24,0.47,1.3,0.043,18,131,0.99176,3.19,0.45,11,6
247,7.8,0.3,0.29,16.85,0.054,23,135,0.9998,3.16,0.38,9,6
248,7.1,0.22,0.32,16.9,0.056,49,158,0.9998,3.37,0.38,9.6,6
249,7,0.28,0.36,1,0.035,8,70,0.9899,3.09,0.46,12.1,6
250,6.5,0.26,0.34,16.3,0.051,56,197,1.0004,3.49,0.42,9.8,5
251,8,0.27,0.33,1.2,0.05,41,103,0.99002,3,0.45,12.4,6
252,8.3,0.28,0.45,7.8,0.059,32,139,0.9972,3.33,0.77,11.2,6
253,6.6,0.32,0.24,1.3,0.06,42.5,204,0.99512,3.59,0.51,9.2,5
254,7.9,0.345,0.51,15.3,0.047,54,171,0.9987,3.09,0.51,9.1,5
255,6.6,0.27,0.29,5.3,0.045,57,189,0.9953,3.31,0.79,9.8,5
256,6.5,0.28,0.34,9.9,0.038,30,133,0.9954,3.11,0.44,9.8,5
257,6.8,0.19,0.4,9.85,0.055,41,103,0.99532,2.98,0.56,10.5,6
258,5.5,0.19,0.27,0.9,0.04,52,103,0.99026,3.5,0.39,11.2,5
259,7.7,0.32,0.48,2.3,0.04,28,114,0.9911,3.2,0.52,12.8,7
260,7.6,0.27,0.24,3.8,0.058,19,115,0.9958,3.15,0.45,8.9,5
261,5.4,0.53,0.16,2.7,0.036,34,128,0.98856,3.2,0.53,13.2,8
262,6.7,0.21,0.48,14.8,0.05,31,195,0.99942,2.95,0.75,8.8,6
263,6.2,0.27,0.43,7.8,0.056,48,244,0.9956,3.1,0.51,9,6
264,8.2,0.24,0.3,2.3,0.05,23,106,0.99397,2.98,0.5,10,5
265,7,0.33,0.78,9.9,0.042,21,251,0.99435,3.01,0.55,11,6
266,6.5,0.22,0.5,16.4,0.048,36,182,0.99904,3.02,0.49,8.8,6
267,5.1,0.11,0.32,1.6,0.028,12,90,0.99008,3.57,0.52,12.2,6
268,6.4,0.17,0.27,6.7,0.036,88,223,0.9948,3.28,0.35,10.2,6
269,6.9,0.28,0.37,9.1,0.037,16,76,0.9948,3.05,0.54,11.1,5
270,7.1,0.33,0.3,3.3,0.034,30,102,0.9912,3.08,0.31,12.3,7
271,7.1,0.18,0.49,1.3,0.033,12,72,0.99072,3.05,0.53,11.3,7
272,6.1,0.27,0.44,6.7,0.041,61,230,0.99505,3.12,0.4,8.9,5
273,7.7,0.34,0.58,11.1,0.039,41,151,0.9978,3.06,0.49,8.6,5
274,7.1,0.35,0.24,15.4,0.055,46,198,0.9988,3.12,0.49,8.8,5
275,6.2,0.37,0.24,6.1,0.032,19,86,0.98934,3.04,0.26,13.4,8
276,6.7,0.18,0.28,10.2,0.039,29,115,0.99469,3.11,0.45,10.9,7
277,6.7,0.26,0.29,7.1,0.036,28,100,0.99534,3.08,0.36,9.3,6
278,5.1,0.23,0.18,1,0.053,13,99,0.98956,3.22,0.39,11.5,5
279,7,0.25,0.33,2.1,0.021,17,76,0.99021,3.26,0.45,12.3,6
280,7.5,0.32,0.49,1.7,0.031,44,109,0.9906,3.07,0.46,12.5,6
281,5.4,0.29,0.38,1.2,0.029,31,132,0.98895,3.28,0.36,12.4,6
282,7,0.16,0.73,1,0.138,58,150,0.9936,3.08,0.3,9.2,5
283,6.8,0.25,0.34,4.7,0.031,34,134,0.9927,3.21,0.38,10.6,6
284,6.5,0.44,0.47,5.45,0.014,44,137,0.98984,3.13,0.32,13,8
285,8.1,0.27,0.35,1.7,0.03,38,103,0.99255,3.22,0.63,10.4,8
286,7.2,0.2,0.28,1.6,0.028,13,168,0.99203,3.17,1.06,11.5,6
287,7.7,0.43,0.28,4.5,0.046,33,102,0.9918,3.16,0.56,12.2,7
288,5.2,0.44,0.04,1.4,0.036,43,119,0.9894,3.36,0.33,12.1,8
289,7.7,0.28,0.35,15.3,0.056,31,117,0.9998,3.27,0.5,9.6,5
290,7.4,0.26,0.31,7.6,0.047,52,177,0.9962,3.13,0.45,8.9,6
291,5.9,0.25,0.25,11.3,0.052,30,165,0.997,3.24,0.44,9.5,6
292,7.5,0.24,0.29,1.1,0.046,34,84,0.9902,3.04,0.39,11.45,6
293,7.6,0.26,0.47,1.6,0.068,5,55,0.9944,3.1,0.45,9.6,5
294,7.2,0.25,0.19,8,0.044,51,172,0.9964,3.16,0.44,9.2,5
295,8,0.32,0.26,1.2,0.05,11.5,88,0.9946,3.24,0.37,9.5,4
296,5.8,0.32,0.28,4.3,0.032,46,115,0.98946,3.16,0.57,13,8
297,7.2,0.24,0.27,1.4,0.038,31,122,0.9927,3.15,0.46,10.3,6
298,6.8,0.32,0.21,2.2,0.044,15,68,0.9932,3.17,0.39,9.4,6
299,6.6,0.34,0.24,3.3,0.034,29,99,0.99031,3.1,0.4,12.3,7
300,7.1,0.47,0.29,14.8,0.024,22,142,0.99518,3.12,0.48,12,8
301,7.2,0.23,0.39,2.3,0.033,29,102,0.9908,3.26,0.54,12.3,7
302,5.5,0.14,0.27,4.6,0.029,22,104,0.9949,3.34,0.44,9,5
303,6.2,0.29,0.26,13.1,0.046,55,204,0.99745,3.16,0.41,9.6,6
304,7.6,0.31,0.49,13.4,0.062,50,191,0.9989,3.22,0.53,9,4
305,7.8,0.29,0.29,3.15,0.044,41,117,0.99153,3.24,0.35,11.5,5
306,6.7,0.27,0.69,1.2,0.176,36,106,0.99288,2.96,0.43,9.2,6
307,6.4,0.29,0.3,2.9,0.036,25,79,0.99037,3.29,0.6,12.4,7
308,6,0.27,0.28,4.8,0.063,31,201,0.9964,3.69,0.71,10,5
309,7.8,0.2,0.32,5,0.016,31,101,0.99186,2.99,0.39,11,6
310,7.1,0.23,0.23,3.5,0.038,23,112,0.99157,3.05,0.37,11.36666667,6
311,7.6,0.27,0.29,2.5,0.059,37,115,0.99328,3.09,0.37,9.8,5
312,7,0.24,0.25,1.7,0.042,48,189,0.992,3.25,0.42,11.4,6
313,7,0.31,0.35,1.6,0.063,13,119,0.99184,3.22,0.5,10.7,5
314,8.5,0.16,0.35,1.6,0.039,24,147,0.9935,2.96,0.36,10,5
315,6.8,0.22,0.24,4.9,0.092,30,123,0.9951,3.03,0.46,8.6,6
316,6.7,0.46,0.21,4,0.034,12,88,0.99016,3.26,0.54,13,6
317,6.6,0.38,0.28,2.8,0.043,17,67,0.98924,3.21,0.47,13.2,6
318,6.4,0.23,0.37,7.9,0.05,60,150,0.99488,2.86,0.49,9.3,6
319,5.6,0.26,0,10.2,0.038,13,111,0.99315,3.44,0.46,12.4,6
320,6.6,0.34,0.25,4.8,0.038,16,121,0.99198,3.36,0.71,12.6,6
321,6.2,0.39,0.24,4.8,0.037,45,138,0.99174,3.23,0.43,11.2,7
322,6.8,0.29,0.34,3.5,0.054,26,189,0.99489,3.42,0.58,10.4,5
323,6.1,0.28,0.23,4.2,0.038,13,95,0.98898,2.97,0.7,13.1,6
324,7.9,0.34,0.44,6.5,0.027,47,126,0.99124,2.96,0.37,12.5,6
325,7.4,0.18,0.3,10.4,0.045,44,174,0.9966,3.11,0.57,9.7,6
326,7.2,0.25,0.32,1.5,0.047,27,132,0.9933,3.26,0.44,10.5,5
327,5.8,0.39,0.47,7.5,0.027,12,88,0.9907,3.38,0.45,14,6
328,6.5,0.25,0.45,7.8,0.048,52,188,0.99576,3.2,0.53,9.1,5
329,5.7,0.25,0.21,1.5,0.044,21,108,0.99142,3.3,0.59,11,6
330,7.6,0.34,0.39,7.6,0.04,45,215,0.9965,3.11,0.53,9.2,6
331,7.6,0.17,0.27,4.6,0.05,23,98,0.99422,3.08,0.47,9.5,6
332,6.6,0.2,0.14,4.4,0.184,35,168,0.99396,2.93,0.45,9.4,6
333,7.5,0.27,0.31,17.7,0.051,33,173,0.999,3.09,0.64,10.2,5
334,7.5,0.35,0.48,12.4,0.056,61,176.5,0.99803,2.97,0.52,8.8,5
335,5.8,0.275,0.3,5.4,0.043,41,149,0.9926,3.33,0.42,10.8,7
336,6.4,0.37,0.2,5.6,0.117,61,183,0.99459,3.24,0.43,9.5,5
337,6.1,0.28,0.24,19.95,0.074,32,174,0.99922,3.19,0.44,9.3,6
338,6.2,0.2,0.29,11.8,0.035,21,93,0.99364,3.18,0.34,11.9,6
339,7.9,0.33,0.28,31.6,0.053,35,176,1.0103,3.15,0.38,8.8,6
340,6.1,0.27,0.25,1.8,0.041,9,109,0.9929,3.08,0.54,9,5
341,6,0.29,0.25,1.4,0.033,30,114,0.98794,3.08,0.43,13.2,6
342,7.5,0.23,0.29,2.6,0.031,24,98,0.99194,3,0.54,10.9,6
343,7.1,0.44,0.27,8.4,0.057,60,160,0.99257,3.16,0.36,11.8,6
344,8.3,0.22,0.34,1.1,0.043,20,116,0.9927,3,0.47,10.2,6
345,5.6,0.34,0.25,2.5,0.046,47,182,0.99093,3.21,0.4,11.3,5
346,6.1,0.37,0.36,4.7,0.035,36,116,0.991,3.31,0.62,12.6,6
347,6.8,0.15,0.41,12.9,0.044,79.5,183,0.99742,3.24,0.78,10.2,6
348,7.5,0.13,0.38,1.1,0.023,42,104,0.99112,3.28,0.53,11.8,6
349,6.2,0.41,0.22,1.9,0.023,5,56,0.98928,3.04,0.79,13,7
350,6.4,0.33,0.24,9.8,0.041,29,109,0.9956,3.29,0.47,10.1,6
351,8.1,0.17,0.44,14.1,0.053,43,145,1.0006,3.28,0.75,8.8,8
352,6.2,0.34,0.29,7.6,0.047,45,232,0.9955,3.35,0.62,10,6
353,6.7,0.24,0.41,2.9,0.039,48,122,0.99052,3.25,0.43,12,5
354,5.7,0.18,0.36,1.2,0.046,9,71,0.99199,3.7,0.68,10.9,7
355,8.5,0.24,0.47,15.2,0.057,40,234,1.0005,3.02,0.66,9,5
356,6.4,0.35,0.28,12.6,0.039,19,124,0.99539,3.2,0.43,10.6,6
357,5.6,0.23,0.25,8,0.043,31,101,0.99429,3.19,0.42,10.4,6
358,6.3,0.25,0.27,6.6,0.054,40,158,0.99378,3.2,0.48,10.3,5
359,6.4,0.27,0.45,8.3,0.05,52,196,0.9955,3.18,0.48,9.5,5
360,6.5,0.33,0.3,3.8,0.036,34,88,0.99028,3.25,0.63,12.5,7
361,6.3,0.23,0.5,10.4,0.043,61,132,0.99542,2.86,0.46,9.1,6
362,6.8,0.31,0.32,7.6,0.052,35,143,0.9959,3.14,0.38,9,5
363,6.3,0.27,0.46,11.75,0.037,61,212,0.9971,3.25,0.53,9.5,6
364,7.2,0.32,0.24,5.6,0.033,23,120,0.99334,2.92,0.66,10.3,7
365,7.6,0.22,0.28,12,0.056,68,143,0.9983,2.99,0.3,9.2,6
366,7.1,0.4,0.52,1.3,0.148,45,149,0.99468,3.08,0.56,8.7,5
367,7.4,0.4,0.41,14.1,0.053,37,194,0.99886,3.2,0.63,9.4,6
368,7.1,0.2,0.36,11.6,0.042,45,124,0.997,2.92,0.59,9.5,7
369,5.1,0.33,0.22,1.6,0.027,18,89,0.9893,3.51,0.38,12.5,7
370,5.9,0.24,0.3,2,0.033,28,92,0.99225,3.39,0.69,10.9,7
371,8.1,0.34,0.28,7.5,0.04,70,230,0.99558,3.14,0.55,9.8,6
372,6.1,0.22,0.49,1.5,0.051,18,87,0.9928,3.3,0.46,9.6,5
373,8,0.27,0.25,19.1,0.045,50,208,1.00051,3.05,0.5,9.2,6
374,6.2,0.16,0.33,1.1,0.057,21,82,0.991,3.32,0.46,10.9,7
375,7.2,0.37,0.15,2,0.029,27,87,0.9903,3.3,0.59,12.6,7
376,8.3,0.25,0.49,16.8,0.048,50,228,1.0001,3.03,0.52,9.2,6
377,5.7,0.27,0.32,1.2,0.046,20,155,0.9934,3.8,0.41,10.2,6
378,6.7,0.34,0.26,1.9,0.038,58,138,0.9893,3,0.47,12.2,7
379,6.4,0.27,0.17,8.4,0.044,60,198,0.99578,3.21,0.47,9.4,5
380,7.2,0.19,0.39,1.2,0.036,32,85,0.9918,3.16,0.5,10.5,5
381,6.6,0.35,0.26,2.7,0.045,19,129,0.98952,3.24,0.48,13,7
382,6.3,0.27,0.25,5.8,0.038,52,155,0.995,3.28,0.38,9.4,6
383,7,0.29,0.35,1.4,0.036,42,109,0.99119,3.31,0.62,11.6,6
384,6.3,0.28,0.3,6.6,0.208,60,154,0.99478,3.1,0.4,9.4,6
385,6.2,0.2,0.25,15,0.055,8,120,0.99767,3.19,0.53,9.6,6
386,6.4,0.19,0.35,10.2,0.043,40,106,0.99632,3.16,0.5,9.7,6
387,5.3,0.33,0.3,1.2,0.048,25,119,0.99045,3.32,0.62,11.3,6
388,4.8,0.26,0.23,10.6,0.034,23,111,0.99274,3.46,0.28,11.5,7
389,8.2,0.38,0.49,13.6,0.042,58,166,0.99855,3.1,0.54,9.4,5
390,6.4,0.25,0.37,4.5,0.039,41,147,0.9921,3.18,0.4,11.1,7
391,7.3,0.32,0.34,6.6,0.032,24,112,0.99505,3.22,0.46,9.8,6
392,7.3,0.15,0.4,2,0.05,24,92,0.9932,3.14,0.45,10.5,5
393,6.8,0.15,0.32,8.8,0.058,24,110,0.9972,3.4,0.4,8.8,6
394,5.8,0.31,0.32,4.5,0.024,28,94,0.98906,3.25,0.52,13.7,7
395,6.3,0.37,0.37,1.5,0.024,12,76,0.98876,2.94,0.39,12.3,6
396,6,0.16,0.3,6.7,0.043,43,153,0.9951,3.63,0.46,10.6,5
397,6.2,0.23,0.36,17.2,0.039,37,130,0.99946,3.23,0.43,8.8,6
398,6.9,0.32,0.15,8.1,0.046,51,180,0.9958,3.13,0.45,8.9,5
399,6.5,0.48,0.02,0.9,0.043,32,99,0.99226,3.14,0.47,9.8,4
400,6.4,0.23,0.35,10.3,0.042,54,140,0.9967,3.23,0.47,9.2,5
401,8.6,0.485,0.29,4.1,0.026,19,101,0.9918,3.01,0.38,12.4,5
402,6,0.28,0.29,19.3,0.051,36,174,0.99911,3.14,0.5,9,5
403,7.5,0.17,0.32,1.7,0.04,51,148,0.9916,3.21,0.44,11.5,7
404,5.7,0.16,0.32,1.2,0.036,7,89,0.99111,3.26,0.48,11,5
405,5.6,0.46,0.24,4.8,0.042,24,72,0.9908,3.29,0.37,12.6,6
406,6.5,0.46,0.41,16.8,0.084,59,222,0.9993,3.18,0.58,9,5
407,6.9,0.21,0.33,1.8,0.034,48,136,0.9899,3.25,0.41,12.6,7
408,6.3,0.2,0.26,12.7,0.046,60,143,0.99526,3.26,0.35,10.8,6
409,7.4,0.18,0.27,1.3,0.048,26,105,0.994,3.52,0.66,10.6,6
410,7.5,0.17,0.71,11.8,0.038,52,148,0.99801,3.03,0.46,8.9,5
411,6.7,0.54,0.27,7.1,0.049,8,178,0.99502,3.16,0.38,9.4,4
412,6.1,0.25,0.3,1.2,0.036,42,107,0.991,3.34,0.56,10.8,7
413,6.7,0.24,0.32,10.3,0.079,37,122,0.99662,3.02,0.45,8.8,5
414,6.9,0.25,0.29,2.4,0.038,28,76,0.99088,3.01,0.36,11.7,7
415,6.7,0.13,0.29,5.3,0.051,31,122,0.9944,3.44,0.37,9.7,6
416,8.1,0.3,0.49,8.1,0.037,26,174,0.9943,3.1,0.3,11.2,7
417,6.5,0.27,0.19,6.6,0.045,98,175,0.99364,3.16,0.34,10.1,6
418,6.7,0.41,0.24,5.4,0.035,33,115,0.9901,3.12,0.44,12.89333333,7
419,6.6,0.31,0.07,1.5,0.033,55,144,0.99208,3.16,0.42,10,5
420,6.5,0.24,0.38,1,0.027,31,90,0.98926,3.24,0.36,12.3,6
421,7.3,0.145,0.33,1.1,0.042,14,64,0.99012,3.1,0.37,11.8,7
422,6.1,0.38,0.2,6.6,0.033,25,137,0.9938,3.3,0.69,10.4,6
423,6.9,0.18,0.36,1.3,0.036,40,117,0.9934,3.27,0.95,9.5,7
424,8,0.2,0.36,1.2,0.032,21,78,0.9921,3.08,0.37,10.4,6
425,6.2,0.28,0.27,10.3,0.03,26,108,0.99388,3.2,0.36,10.7,6
426,7.6,0.16,0.44,1.4,0.043,25,109,0.9932,3.11,0.75,10.3,6
427,6.9,0.15,0.29,2.3,0.033,14,82,0.99132,3.1,0.58,11.2,7
428,5.4,0.185,0.19,7.1,0.048,36,110,0.99438,3.26,0.41,9.5,6
429,6.6,0.25,0.31,1.5,0.035,32,127,0.9921,3.41,0.47,11.3,6
430,7.2,0.22,0.24,1.4,0.041,17,159,0.99196,3.25,0.53,11.2,6
431,8.8,0.39,0.34,5.9,0.055,33,128,0.9927,2.95,0.51,11.8,6
432,6.4,0.12,0.3,1.1,0.031,37,94,0.98986,3.01,0.56,11.7,6
433,5.6,0.12,0.33,2.9,0.044,21,73,0.98896,3.17,0.32,12.9,8
434,5.8,0.32,0.28,4.3,0.032,46,115,0.98946,3.16,0.57,13,8
435,6.2,0.29,0.23,12.4,0.048,33,201,0.99612,3.11,0.56,9.9,6
436,6.4,0.42,0.19,9.3,0.043,28,145,0.99433,3.23,0.53,10.98,5
437,7.6,0.23,0.34,1.6,0.043,24,129,0.99305,3.12,0.7,10.4,5
438,6.9,0.32,0.13,7.8,0.042,11,117,0.996,3.23,0.37,9.2,5
439,8,0.22,0.42,14.6,0.044,45,163,1.0003,3.21,0.69,8.6,7
440,6.9,0.25,0.24,1.8,0.053,6,121,0.993,3.23,0.7,11.4,5
441,6.1,0.36,0.27,2.1,0.035,16,100,0.9917,3.4,0.71,11.5,7
442,8.3,0.36,0.57,15,0.052,35,256,1.0001,2.93,0.64,8.6,5
443,7.6,0.31,0.24,1.8,0.037,39,150,0.9913,3.05,0.44,11.8,7
444,7.8,0.17,0.23,1.7,0.029,39,128,0.99272,3.37,0.41,10.7,7
445,9,0.29,0.34,12.1,0.03,34,177,0.99706,3.13,0.47,10.6,5
446,8,0.45,0.28,10.8,0.051,25,157,0.9957,3.06,0.47,11.4,7
447,6,0.22,0.28,1.1,0.034,47,90,0.98862,3.22,0.38,12.6,6
448,6.7,0.23,0.25,1.6,0.036,28,143,0.99256,3.3,0.54,10.3,6
449,6.3,0.27,0.18,7.7,0.048,45,186,0.9962,3.23,0.47,9,5
450,6.4,0.25,0.74,7.8,0.045,52,209,0.9956,3.21,0.42,9.2,6
451,5.8,0.19,0.33,4.2,0.038,49,133,0.99107,3.16,0.42,11.3,7
452,6.8,0.3,0.35,2.8,0.038,10,164,0.9912,3.09,0.53,12,6
453,5.1,0.29,0.28,8.3,0.026,27,107,0.99308,3.36,0.37,11,6
454,6.9,0.24,0.33,1.7,0.035,47,136,0.99,3.26,0.4,12.6,7
455,5.9,0.62,0.28,3.5,0.039,55,152,0.9907,3.44,0.44,12,6
456,5.9,0.3,0.3,2,0.03,38,142,0.98892,3.41,0.41,12.9,7
457,7.8,0.445,0.56,1,0.04,8,84,0.9938,3.25,0.43,10.8,5
458,7.4,0.19,0.49,6.7,0.037,15,110,0.9938,3.2,0.38,11,7
459,7,0.31,0.52,1.7,0.029,5,61,0.9918,3.07,0.43,10.4,5
460,7.6,0.31,0.26,1.7,0.073,40,157,0.9938,3.1,0.46,9.8,5
461,6.4,0.31,0.27,7.4,0.049,48,169,0.99323,3.27,0.45,11.1,6
462,6.4,0.23,0.26,8.1,0.054,47,181,0.9954,3.12,0.49,9.4,5
463,6.5,0.15,0.44,12.6,0.052,65,158,0.99688,3.26,0.7,10.3,7
464,7.4,0.16,0.3,13.7,0.056,33,168,0.99825,2.9,0.44,8.7,7
465,8.3,0.22,0.38,14.8,0.054,32,126,1.0002,3.22,0.5,9.7,5
466,7.6,0.31,0.23,12.7,0.054,20,139,0.99836,3.16,0.5,9.7,4
467,7.3,0.22,0.37,14.3,0.063,48,191,0.9978,2.89,0.38,9,6
468,6.4,0.29,0.18,15,0.04,21,116,0.99736,3.14,0.5,9.2,5
469,6.6,0.24,0.27,1.4,0.057,33,152,0.9934,3.22,0.56,9.5,6
470,7.3,0.26,0.33,17.85,0.049,41.5,195,1,3.06,0.44,9.1,7
471,6.4,0.26,0.24,6.4,0.04,27,124,0.9903,3.22,0.49,12.6,7
472,6.7,0.24,0.32,9,0.023,20,109,0.99262,3.34,0.35,12.6,6
473,6.4,0.3,0.45,3.5,0.197,76,180,0.9942,3.02,0.39,9.1,6
474,6.3,0.25,0.23,14.9,0.039,47,142,0.99705,3.14,0.35,9.7,6
475,6.3,0.24,0.35,2.3,0.039,43,109,0.99056,3.34,0.44,11.8,6
476,6.4,0.44,0.44,14.4,0.048,29,228,0.99955,3.26,0.54,8.8,7
477,7.3,0.28,0.35,1.6,0.054,31,148,0.99178,3.18,0.47,10.7,5
478,7.4,0.2,1.66,2.1,0.022,34,113,0.99165,3.26,0.55,12.2,6
479,7,0.3,0.51,13.6,0.05,40,168,0.9976,3.07,0.52,9.6,7
480,7.4,0.19,0.31,14.5,0.045,39,193,0.9986,3.1,0.5,9.2,6
481,7.9,0.2,0.49,1.6,0.053,15,144,0.993,3.16,0.47,10.5,5
482,7.4,0.38,0.34,8.3,0.052,44,168,0.99627,3.11,0.52,9.2,5
483,6.6,0.27,0.33,1.4,0.042,24,183,0.99215,3.29,0.46,10.7,5
484,6.6,0.26,0.36,1.2,0.035,43,126,0.99094,3.01,0.63,11.4,6
485,6.8,0.45,0.36,5,0.033,28,156,0.991,3.11,0.4,12.4,7
486,7,0.34,0.3,1.8,0.045,44,142,0.9914,2.99,0.45,10.8,6
487,6,0.21,0.24,12.1,0.05,55,164,0.997,3.34,0.39,9.4,5
488,9.8,0.36,0.46,10.5,0.038,4,83,0.9956,2.89,0.3,10.1,4
489,7.2,0.29,0.18,8.2,0.042,41,180,0.99644,3.16,0.49,9.1,5
490,7.8,0.3,0.74,1.8,0.033,33,156,0.991,3.29,0.52,12.8,6
491,7,0.19,0.23,5.7,0.123,27,104,0.9954,3.04,0.54,9.4,6
492,8.6,0.31,0.3,0.9,0.045,16,109,0.99249,2.95,0.39,10.1,5
493,6.1,0.44,0.28,4.25,0.032,43,132,0.9916,3.26,0.47,11.26666667,7
494,5.9,0.24,0.26,12.3,0.053,34,134,0.9972,3.34,0.45,9.5,6
495,6.2,0.43,0.49,6.4,0.045,12,115,0.9963,3.27,0.57,9,4
496,6.1,0.19,0.37,2.6,0.041,24,99,0.99153,3.18,0.5,10.9,6
497,6,0.615,0.04,0.8,0.032,8,50,0.99036,3.14,0.4,11,4
498,7,0.34,0.39,6.9,0.066,43,162,0.99561,3.11,0.53,9.5,5
499,7.1,0.14,0.33,1,0.104,20,54,0.99057,3.19,0.64,11.5,6
500,6.6,0.37,0.07,1.4,0.048,58,144,0.9922,3.17,0.38,10,5
501,6.7,0.19,0.39,1,0.032,14,71,0.98912,3.31,0.38,13,7
502,6.7,0.26,0.26,4,0.079,35.5,216,0.9956,3.31,0.68,9.5,5
503,7.6,0.38,0.2,3.4,0.046,9,116,0.9944,3.15,0.41,9.4,5
504,6.1,0.36,0.16,6.4,0.037,36,198,0.9944,3.17,0.62,9.9,6
505,6.8,0.26,0.43,11.75,0.045,53,198,0.9969,3.26,0.55,9.5,5
506,6.5,0.23,0.2,7.5,0.05,44,179,0.99504,3.18,0.48,9.533333333,5
507,5.8,0.38,0.26,1.1,0.058,20,140,0.99271,3.27,0.43,9.7,6
508,7.4,0.29,0.25,3.8,0.044,30,114,0.992,3.11,0.4,11,6
509,6.4,0.33,0.44,8.9,0.055,52,164,0.99488,3.1,0.48,9.6,5
510,6.6,0.33,0.32,15.6,0.054,62,227,0.99734,3.25,0.56,10.4,5
511,6.6,0.21,0.5,8.7,0.036,41,191,0.99294,2.96,0.56,11,6
512,5.8,0.23,0.21,1.5,0.044,21,110,0.99138,3.3,0.57,11,6
513,7.6,0.52,0.49,14,0.034,37,156,0.9958,3.14,0.38,11.8,7
514,6.7,0.3,0.35,1.4,0.18,36,160,0.9937,3.11,0.54,9.4,6
515,7.2,0.2,0.61,16.2,0.043,14,103,0.9987,3.06,0.36,9.2,6
516,6.3,0.24,0.55,8.1,0.04,67,216,0.99596,3.24,0.5,9.2,5
517,6.9,0.44,0.42,8.5,0.048,10,147,0.9974,3.32,0.46,9.5,6
518,5.2,0.34,0.37,6.2,0.031,42,133,0.99076,3.25,0.41,12.5,6
519,6.6,0.32,0.22,16.7,0.046,38,133,0.9979,3.22,0.67,10.4,6
520,7.4,0.41,0.66,10.8,0.051,77,194,0.9976,3.05,0.46,8.7,5
521,6.1,0.4,0.31,0.9,0.048,23,170,0.993,3.22,0.77,9.5,6
522,7.6,0.39,0.46,11.7,0.084,55,170,0.99773,2.91,0.51,9,5
523,7.1,0.33,0.64,13.2,0.056,12,105,0.9972,3.05,0.39,9.2,5
524,6.9,0.19,0.35,1.7,0.036,33,101,0.99315,3.21,0.54,10.8,7
525,6.7,0.41,0.34,9.2,0.049,29,150,0.9968,3.22,0.51,9.1,5
526,7.3,0.24,0.39,17.95,0.057,45,149,0.9999,3.21,0.36,8.6,5
527,6.7,0.25,0.33,2.9,0.057,52,173,0.9934,3.02,0.48,9.5,7
528,6.9,0.12,0.36,2.2,0.037,18,111,0.9919,3.41,0.82,11.9,8
529,6,0.31,0.24,3.3,0.041,25,143,0.9914,3.31,0.44,11.3,6
530,9,0.31,0.49,6.9,0.034,26,91,0.9937,2.99,0.34,11.5,5
531,6.4,0.34,0.44,8.2,0.043,54,201,0.99551,3.18,0.48,9.5,5
532,5.8,0.2,0.34,1,0.035,40,86,0.98993,3.5,0.42,11.7,5
533,7.1,0.25,0.39,2.1,0.036,30,124,0.9908,3.28,0.43,12.2,8
534,6.7,0.48,0.49,2.9,0.03,28,122,0.98926,3.13,0.4,13,6
535,6.3,0.23,0.22,3.75,0.039,37,116,0.9927,3.23,0.5,10.7,6
536,7.6,0.34,0.39,7.6,0.04,45,215,0.9965,3.11,0.53,9.2,6
537,7.6,0.2,0.3,14.2,0.056,53,212.5,0.999,3.14,0.46,8.9,8
538,5.1,0.26,0.34,6.4,0.034,26,99,0.99449,3.23,0.41,9.2,6
539,6.9,0.35,0.74,1,0.044,18,132,0.992,3.13,0.55,10.2,5
540,6.5,0.23,0.25,17.3,0.046,15,110,0.99828,3.15,0.42,9.2,6
541,6.6,0.36,0.47,1.4,0.145,26,124,0.99274,3.09,0.56,10.1,6
542,6.6,0.46,0.49,7.4,0.052,19,184,0.9956,3.11,0.38,9,5
543,9.2,0.19,0.42,2,0.047,16,104,0.99517,3.09,0.66,10,4
544,6.3,0.3,0.28,5,0.042,36,168,0.99505,3.22,0.69,9.5,6
545,7.2,0.08,0.49,1.3,0.05,18,148,0.9945,3.46,0.44,10.2,6
546,6.1,0.17,0.28,2.5,0.028,22,98,0.99072,3.16,0.37,11.1,7
547,6.1,0.3,0.56,2.7,0.046,46,184,0.9924,3.31,0.57,10.9,6
548,6.1,0.17,0.42,15.1,0.033,28,124,0.99684,2.87,0.47,9.5,5
549,5.9,0.19,0.37,0.8,0.027,3,21,0.9897,3.09,0.31,10.8,5
550,6.1,0.28,0.27,4.7,0.03,56,140,0.99042,3.16,0.42,12.5,8
551,6.4,0.28,0.29,1.6,0.052,34,127,0.9929,3.48,0.56,10.5,7
552,6.7,0.25,0.31,1.35,0.061,30.5,218,0.99388,3.16,0.53,9.5,5
553,5.9,0.17,0.28,0.7,0.027,5,28,0.98985,3.13,0.32,10.6,5
554,7,0.3,0.49,4.7,0.036,17,105,0.9916,3.26,0.68,12.4,7
555,7.1,0.31,0.17,1,0.042,21,144,0.99304,3.13,0.4,9.6,5
556,6.9,0.4,0.17,12.9,0.033,59,186,0.99754,3.08,0.49,9.4,5
557,6.5,0.18,0.33,8,0.051,16,131,0.9965,3.28,0.44,8.7,7
558,6.5,0.3,0.32,2,0.044,34,90,0.99185,3.37,0.68,11,7
559,8.9,0.34,0.34,1.6,0.056,13,176,0.9946,3.14,0.47,9.7,5
560,6,0.28,0.25,1.8,0.042,8,108,0.9929,3.08,0.55,9,5
561,5.4,0.53,0.16,2.7,0.036,34,128,0.98856,3.2,0.53,13.2,8
562,6.3,0.23,0.22,17.45,0.054,42,151,0.99853,3.12,0.6,9.3,6
563,6.5,0.18,0.41,14.2,0.039,47,129,0.99678,3.28,0.72,10.3,7
564,6.6,0.23,0.32,0.9,0.041,25,79,0.9926,3.39,0.54,10.2,7
565,7.2,0.16,0.26,7.1,0.054,41,224,0.9966,3.38,0.55,10.1,5
566,6.1,0.22,0.38,2.8,0.144,12,65,0.9908,2.95,0.64,11.4,6
567,8,0.23,0.35,9.2,0.044,53,186,0.997,3.09,0.56,9.5,7
568,9.6,0.25,0.54,1.3,0.04,16,160,0.9938,2.94,0.43,10.5,5
569,6.5,0.18,0.31,1.7,0.044,30,127,0.9928,3.49,0.5,10.2,7
570,7.9,0.16,0.3,4.8,0.037,37,171,0.9967,3.47,0.44,9,4
571,7.4,0.13,0.39,4.7,0.042,36,137,0.995,3.36,0.56,10.3,7
572,7.4,0.19,0.31,14.5,0.045,39,193,0.9986,3.1,0.5,9.2,6
573,6.6,0.42,0.33,2.8,0.034,15,85,0.99,3.28,0.51,13.4,6
574,6.4,0.37,0.49,13.3,0.045,53,243,0.9982,3.14,0.48,8.5,6
575,6.9,0.28,0.3,8.3,0.026,37,113,0.99139,2.99,0.38,12.3,8
576,6.8,0.18,0.3,12.8,0.062,19,171,0.99808,3,0.52,9,7
577,6.7,0.18,0.28,10.2,0.039,29,115,0.99469,3.11,0.45,10.9,7
578,7.4,0.16,0.3,13.7,0.056,33,168,0.99825,2.9,0.44,8.7,7
579,6.6,0.23,0.18,8.5,0.044,59,188,0.99558,3.16,0.49,9.5,5
580,6.8,0.37,0.28,1.9,0.024,64,106,0.98993,3.45,0.6,12.6,8
581,6.7,0.34,0.3,8.5,0.059,24,152,0.99615,3.46,0.64,11,7
582,6.3,0.3,0.91,8.2,0.034,50,199,0.99394,3.39,0.49,11.7,6
583,6.7,0.18,0.25,14.3,0.048,79,149,0.9975,3.12,0.37,9.7,5
584,6.2,0.26,0.19,3.4,0.049,47,172,0.9924,3.14,0.43,10.4,6
585,5.4,0.33,0.31,4,0.03,27,108,0.99031,3.3,0.43,12.2,7
586,6.7,0.24,0.36,8.4,0.042,42,123,0.99473,3.34,0.52,10.9,6
587,6.4,0.69,0.09,7.6,0.044,34,144,0.9948,3.26,0.38,10.1,6
588,8.5,0.25,0.27,4.7,0.031,31,92,0.9922,3.01,0.33,12,6
589,4.7,0.785,0,3.4,0.036,23,134,0.98981,3.53,0.92,13.8,6
590,6.9,0.28,0.37,9.1,0.037,16,76,0.9948,3.05,0.54,11.1,5
591,6.9,0.32,0.26,2.3,0.03,11,103,0.99106,3.06,0.42,11.1,6
592,8.9,0.27,0.28,0.8,0.024,29,128,0.98984,3.01,0.35,12.4,6
593,7.8,0.21,0.49,1.2,0.036,20,99,0.99,3.05,0.28,12.1,7
594,6.3,0.37,0.28,6.3,0.034,45,152,0.9921,3.29,0.46,11.6,7
595,7,0.17,0.36,6.4,0.055,42,123,0.99318,3.11,0.5,11,8
596,7.4,0.37,0.26,9.6,0.05,33,134,0.99608,3.13,0.46,10.4,5
597,6.9,0.3,0.3,10.55,0.037,4,28,0.99184,3.07,0.32,12.7,6
598,6.6,0.32,0.33,2.5,0.052,40,219.5,0.99316,3.15,0.6,10,5
599,6.8,0.24,0.35,6.4,0.048,44,172,0.9944,3.29,0.55,10.5,7
600,6.8,0.31,0.42,6.9,0.046,50,173,0.9958,3.19,0.46,9,5
601,8.1,0.45,0.34,8.3,0.037,33,216,0.9976,3.31,0.64,9.7,5
602,6.2,0.46,0.25,4.4,0.066,62,207,0.9939,3.25,0.52,9.8,5
603,6.4,0.32,0.25,5,0.055,28,138,0.99171,3.27,0.5,12.4,8
604,7.1,0.18,0.42,1.4,0.045,47,157,0.9916,2.95,0.31,10.5,6
605,7.7,0.12,0.32,1.4,0.06,47,150,0.9952,3.37,0.42,9.2,6
606,7.3,0.26,0.33,17.85,0.049,41.5,195,1,3.06,0.44,9.1,7
607,7,0.21,0.42,5.3,0.037,36,123,0.99321,3.14,0.52,10.9,6
608,7.9,0.3,0.6,1.85,0.048,13,106,0.99331,3.24,0.49,11.85,5
609,6.6,0.13,0.29,13.9,0.056,33,95,0.99702,3.17,0.39,9.4,6
610,7.2,0.24,0.29,3,0.036,17,117,0.99411,3.36,0.68,10.1,6
611,6.9,0.35,0.55,11.95,0.038,22,111,0.99687,3.11,0.29,9.7,5
612,7.9,0.46,0.4,10.1,0.168,19,184,0.99782,3.06,0.62,9.5,5
613,5.8,0.26,0.24,9.2,0.044,55,152,0.9961,3.31,0.38,9.4,5
614,6.8,0.44,0.2,16,0.065,61,186,0.99884,3.13,0.45,8.6,5
615,6.7,0.28,0.28,4.5,0.051,14,92,0.99224,3.36,0.58,11.9,6
616,8.5,0.16,0.33,1,0.076,17,57,0.9921,3.14,0.46,10.6,6
617,7.2,0.29,0.4,7.6,0.024,56,177,0.9928,3.04,0.32,11.5,6
618,8,0.18,0.37,1.3,0.04,15,96,0.9912,3.06,0.61,12.1,6
619,6.2,0.36,0.26,13.2,0.051,54,201,0.9976,3.25,0.46,9,5
620,6.4,0.15,0.4,1.3,0.053,61,146,0.99112,3.17,0.68,11,6
621,5.8,0.36,0.26,3.3,0.038,40,153,0.9911,3.34,0.55,11.3,6
622,6.4,0.29,0.57,1,0.06,15,120,0.9924,3.06,0.41,9.5,5
623,5.6,0.21,0.24,4.4,0.027,37,150,0.991,3.3,0.31,11.5,7
624,6.3,0.25,0.44,1.7,0.024,36,116,0.98935,3.18,0.4,12.5,6
625,8.5,0.21,0.26,9.25,0.034,73,142,0.9945,3.05,0.37,11.4,6
626,6.4,0.31,0.28,1.5,0.037,12,119,0.9919,3.32,0.51,10.4,7
627,6.9,0.2,0.41,1.1,0.06,36,104,0.99317,2.99,0.39,9.2,5
628,6.1,0.4,0.18,9,0.051,28.5,259,0.9964,3.19,0.5,8.8,5
629,5.4,0.22,0.35,6.5,0.029,26,87,0.99092,3.29,0.44,12.5,7
630,5.9,0.5,0.05,2.6,0.054,36,146,0.9948,3.43,0.5,9.2,6
631,7.2,0.47,0.16,5.9,0.048,14,125,0.99428,3.09,0.49,9.8,5
632,6.7,0.5,0.36,11.5,0.096,18,92,0.99642,3.11,0.49,9.6,5
633,6.4,0.34,0.2,14.9,0.06,37,162,0.9983,3.13,0.45,9,4
634,8.3,0.21,0.4,1.6,0.032,35,110,0.9907,3.02,0.6,12.9,7
635,7.2,0.23,0.39,14.2,0.058,49,192,0.9979,2.98,0.48,9,7
636,5.8,0.28,0.35,2.3,0.053,36,114,0.9924,3.28,0.5,10.2,4
637,8.2,0.28,0.42,1.8,0.031,30,93,0.9917,3.09,0.39,11.4,5
638,7.7,0.28,0.35,15.3,0.056,31,117,0.9998,3.27,0.5,9.6,5
639,7.4,0.2,0.31,1.6,0.038,34,116,0.9912,3.25,0.39,12,7
640,6.9,0.32,0.3,1.8,0.036,28,117,0.99269,3.24,0.48,11,6
641,6.1,0.23,0.27,9.8,0.055,74,134,0.99534,3.16,0.4,10.2,6
642,5.7,0.22,0.2,16,0.044,41,113,0.99862,3.22,0.46,8.9,6
643,8.2,0.61,0.45,5.4,0.03,15,118,0.9954,3.14,0.34,9.6,5
644,6.3,0.27,0.49,1.2,0.063,35,92,0.9911,3.38,0.42,12.2,6
645,6.2,0.22,0.3,12.4,0.054,108,152,0.99728,3.1,0.47,9.5,6
646,6.3,0.19,0.29,5.5,0.042,44,189,0.99304,3.19,0.47,10.3,6
647,6.9,0.58,0.58,8.2,0.032,29,169,0.99275,3.28,0.44,12.2,6
648,6.1,0.27,0.3,16.7,0.039,49,172,0.99985,3.4,0.45,9.4,5
649,5.8,0.31,0.32,4.5,0.024,28,94,0.98906,3.25,0.52,13.7,7
650,7,0.25,0.32,9,0.046,56,245,0.9955,3.25,0.5,10.4,6
651,6.6,0.18,0.26,17.3,0.051,17,149,0.9984,3,0.43,9.4,6
652,6.5,0.28,0.27,5.2,0.04,44,179,0.9948,3.19,0.69,9.4,6
653,6,0.36,0.06,1.4,0.066,27,128,0.9934,3.26,0.55,9.3,5
654,6.7,0.18,0.24,10.3,0.057,64,185,0.99519,3.12,0.5,10.6,6
655,6.5,0.34,0.28,1.8,0.041,43,188,0.9928,3.13,0.37,9.6,6
656,5.3,0.21,0.29,0.7,0.028,11,66,0.99215,3.3,0.4,9.8,5
657,5.1,0.26,0.33,1.1,0.027,46,113,0.98946,3.35,0.43,11.4,7
658,6.1,0.28,0.3,7.75,0.031,33,139,0.99296,3.22,0.46,11,6
659,6.8,0.3,0.23,4.6,0.061,50.5,238.5,0.9958,3.32,0.6,9.5,5
660,7.5,0.42,0.34,4.3,0.04,34,108,0.99155,3.14,0.45,12.8,8
661,8.7,0.24,0.35,0.6,0.042,11,71,0.9926,3.08,0.38,10.6,5
662,7.7,0.24,0.29,15.3,0.044,39,194,0.9982,3.06,0.47,9.6,7
663,9.4,0.29,0.55,2.2,0.05,17,119,0.9962,3.12,0.69,10.3,4
664,6.4,0.25,0.57,1,0.062,21,122,0.99238,3,0.4,9.5,5
665,6.1,0.21,0.38,1.5,0.039,37,122,0.98972,3.2,0.43,12,6
666,6.5,0.28,0.33,15.7,0.053,51,190,0.9978,3.22,0.51,9.7,6
667,7,0.2,0.74,0.8,0.044,19,163,0.9931,3.46,0.53,10.2,5
668,5.6,0.32,0.33,7.4,0.037,25,95,0.99268,3.25,0.49,11.1,6
669,6.3,0.29,0.29,3.3,0.037,32,140,0.9895,3.17,0.36,12.8,7
670,6.6,0.34,0.34,2.6,0.051,40.5,210,0.99314,3.15,0.61,10,5
671,6,0.16,0.27,12,0.03,39,98,0.99402,3.15,0.34,10.8,5
672,7.8,0.39,0.26,9.9,0.059,33,181,0.9955,3.04,0.42,10.9,6
673,6.2,0.2,0.28,1.1,0.039,24,78,0.9899,3.36,0.47,12.1,6
674,6.3,0.21,0.31,1.2,0.043,30,117,0.99158,3.49,0.68,11,6
675,6.4,0.3,0.51,5.5,0.048,62,172,0.9942,3.08,0.45,9.1,6
676,5.7,0.22,0.29,3.5,0.04,27,146,0.98999,3.17,0.36,12.1,6
677,8.5,0.28,0.34,13.8,0.041,32,161,0.9981,3.13,0.4,9.9,6
678,8.2,0.36,0.29,7.6,0.035,37,122,0.9939,3.16,0.34,12,5
679,5.3,0.16,0.39,1,0.028,40,101,0.99156,3.57,0.59,10.6,6
680,7.3,0.33,0.4,6.85,0.038,32,138,0.992,3.03,0.3,11.9,7
681,6,0.29,0.41,10.8,0.048,55,149,0.9937,3.09,0.59,10.96666667,7
682,6.8,0.28,0.29,11.9,0.052,51,149,0.99544,3.02,0.58,10.4,6
683,6.4,0.22,0.32,7.2,0.028,15,83,0.993,3.13,0.55,10.9,8
684,7.8,0.34,0.27,1.2,0.04,25,106,0.9932,3.01,0.55,10.4,5
685,6,0.41,0.21,1.9,0.05,29,122,0.9928,3.42,0.52,10.5,6
686,8.3,0.22,0.38,14.8,0.054,32,126,1.0002,3.22,0.5,9.7,5
687,5.7,0.14,0.3,5.4,0.045,26,105,0.99469,3.32,0.45,9.3,5
688,6.5,0.29,0.31,1.7,0.035,24,79,0.99053,3.27,0.69,11.4,7
689,6.3,0.18,0.24,3.4,0.053,20,119,0.99373,3.11,0.52,9.2,6
690,6.8,0.21,0.62,6.4,0.041,7,113,0.99358,2.96,0.59,10.2,5
691,6.3,0.2,0.26,4.7,0.04,108,168,0.99278,3.07,0.75,10.7,7
692,6.6,0.23,0.26,1.3,0.045,16,128,0.9934,3.36,0.6,10,6
693,7.2,0.4,0.24,8.5,0.055,45,151,0.99626,3.2,0.52,9.2,5
694,5.6,0.28,0.27,3.9,0.043,52,158,0.99202,3.35,0.44,10.7,7
695,6.7,0.12,0.3,5.2,0.048,38,113,0.99352,3.33,0.44,10.1,7
696,6.6,0.16,0.4,1.5,0.044,48,143,0.9912,3.54,0.52,12.4,7
697,5.1,0.29,0.28,8.3,0.026,27,107,0.99308,3.36,0.37,11,6
698,7.2,0.16,0.35,1.2,0.031,27,84,0.9928,3.33,0.34,9.9,5
699,7.3,0.28,0.54,12.9,0.049,62,162.5,0.9984,3.06,0.45,9.1,6
700,6.9,0.28,0.31,7.2,0.04,47,168,0.9946,3.29,0.57,10.6,7
701,6.8,0.14,0.35,1.5,0.047,40,117,0.99111,3.07,0.72,11.1,6
702,5.8,0.3,0.42,1.1,0.036,19,113,0.98871,3.1,0.46,12.6,7
703,6.7,0.28,0.34,8.9,0.048,32,111,0.99455,3.25,0.54,11,7
704,7.7,0.39,0.28,4.9,0.035,36,109,0.9918,3.19,0.58,12.2,7
705,6.4,0.23,0.35,4.6,0.039,43,147,0.99216,3.18,0.4,11,7
706,6.4,0.27,0.49,7.3,0.046,53,206,0.9956,3.24,0.43,9.2,6
707,8.4,0.35,0.71,12.2,0.046,22,160,0.9982,2.98,0.65,9.4,5
708,6.8,0.18,0.38,1.4,0.038,35,111,0.9918,3.32,0.59,11.2,7
709,7.8,0.25,0.41,3.7,0.042,37,149,0.9954,3.36,0.45,10,6
710,7,0.2,0.37,2,0.03,26,136,0.9932,3.28,0.61,10.2,6
711,6.2,0.27,0.47,1.2,0.146,28,105,0.99224,3.23,0.51,10.1,5
712,6.2,0.37,0.22,8.3,0.025,36,216,0.9964,3.33,0.6,9.6,6
713,7.3,0.49,0.32,5.2,0.043,18,104,0.9952,3.24,0.45,10.7,4
714,10.7,0.22,0.56,8.2,0.044,37,181,0.998,2.87,0.68,9.5,6
715,7.9,0.21,0.39,2,0.057,21,138,0.99176,3.05,0.52,10.9,5
716,7.6,0.48,0.37,1.2,0.034,5,57,0.99256,3.05,0.54,10.4,3
717,5.7,0.33,0.15,1.9,0.05,20,93,0.9934,3.38,0.62,9.9,5
718,6.6,0.34,0.4,8.1,0.046,68,170,0.99494,3.15,0.5,9.55,6
719,5.8,0.23,0.2,2,0.043,39,154,0.99226,3.21,0.39,10.2,6
720,7.6,0.14,0.74,1.6,0.04,27,103,0.9916,3.07,0.4,10.8,7
721,7.5,0.26,0.26,18.35,0.084,33,139,1.0011,3.17,0.39,8.8,5
722,7.2,0.23,0.82,1.3,0.149,70,109,0.99304,2.93,0.42,9.2,6
723,6.2,0.34,0.3,11.1,0.047,28,237,0.9981,3.18,0.49,8.7,5
724,7,0.23,0.26,7.2,0.041,21,90,0.99509,3.22,0.55,9.5,6
725,6.5,0.22,0.32,2.2,0.028,36,92,0.99076,3.27,0.59,11.9,7
726,8.8,0.2,0.43,15,0.053,60,184,1.0008,3.28,0.79,8.8,6
727,6.7,0.26,0.26,4.1,0.073,36,202,0.9956,3.3,0.67,9.5,5
728,6.4,0.24,0.32,0.95,0.041,23,131,0.99033,3.25,0.35,11.8,5
729,6.9,0.34,0.74,11.2,0.069,44,150,0.9968,3,0.81,9.2,5
730,6.6,0.38,0.29,2.4,0.136,15,93,0.99336,3.18,0.6,9.5,5
731,6.8,0.3,0.27,11.6,0.028,22,97,0.99314,2.96,0.38,11.7,6
732,6.2,0.24,0.27,16.8,0.04,48,129,0.99691,3.23,0.38,10.5,6
733,6.4,0.24,0.26,8.2,0.054,47,182,0.99538,3.12,0.5,9.5,5
734,6.5,0.26,0.28,12.5,0.046,80,225,0.99685,3.18,0.41,10,6
735,7,0.34,0.26,10.3,0.041,51,166,0.99382,3.08,0.35,11.6,6
736,7.2,0.2,0.3,2,0.039,43,188,0.9911,3.3,0.41,12,6
737,6.4,0.68,0.26,3.4,0.069,25,146,0.99347,3.18,0.4,9.3,5
738,6.4,0.31,0.53,8.8,0.057,36,221,0.99642,3.17,0.44,9.1,5
739,5.7,0.21,0.37,4.5,0.04,58,140,0.99332,3.29,0.62,10.6,6
740,6.8,0.23,0.32,8.6,0.046,47,159,0.99452,3.08,0.52,10.5,6
741,7.6,0.23,0.26,15.3,0.067,32,166,0.9986,3.03,0.44,9.2,4
742,7,0.31,0.26,7.4,0.069,28,160,0.9954,3.13,0.46,9.8,6
743,6.9,0.33,0.28,1.3,0.051,37,187,0.9927,3.27,0.6,10.3,5
744,6.8,0.705,0.25,3.2,0.048,10,57,0.996,3.36,0.52,9.5,4
745,7.3,0.28,0.36,12.7,0.04,38,140,0.998,3.3,0.79,9.6,6
746,7,0.46,0.2,16.7,0.046,50,184,0.99898,3.08,0.56,9.4,5
747,6.1,0.28,0.26,1.5,0.03,25,101,0.98894,3.03,0.41,12.1,6
748,5.2,0.31,0.36,5.1,0.031,46,145,0.9897,3.14,0.31,12.4,7
749,8.5,0.21,0.41,4.3,0.036,24,99,0.9947,3.18,0.53,9.7,6
750,6,0.28,0.29,19.3,0.051,36,174,0.99911,3.14,0.5,9,5
751,6.3,0.36,0.2,2,0.048,48,191,0.9929,3.17,0.51,9.6,5
752,6.8,0.26,0.34,13.9,0.034,39,134,0.9949,3.33,0.53,12,6
753,6.9,0.39,0.22,4.3,0.03,10,102,0.993,3,0.87,11.6,4
754,7.5,0.21,0.34,1.2,0.06,26,111,0.9931,3.51,0.47,10.7,6
755,6.1,0.41,0.04,1.3,0.036,23,121,0.99228,3.24,0.61,9.9,6
756,5.4,0.5,0.13,5,0.028,12,107,0.99079,3.48,0.88,13.5,7
757,5.8,0.19,0.24,1.3,0.044,38,128,0.99362,3.77,0.6,10.6,5
758,7.7,0.18,0.35,5.8,0.055,25,144,0.99576,3.24,0.54,10.2,6
759,7.3,0.29,0.29,4.6,0.029,27,155,0.9931,3.07,0.26,10.6,6
760,6.9,0.25,0.35,1.3,0.039,29,191,0.9908,3.13,0.52,11,6
761,6.6,0.35,0.34,4.9,0.032,9,125,0.99253,3.32,0.81,12,5
762,7.6,0.18,0.28,7.1,0.041,29,110,0.99652,3.2,0.42,9.2,6
763,6.5,0.29,0.25,10.6,0.039,32,120,0.9962,3.31,0.34,10.1,6
764,6.2,0.28,0.57,1,0.043,50,92,0.99004,3.17,0.36,11.5,6
765,6.4,0.26,0.43,12.6,0.033,64,230,0.9974,3.08,0.38,8.9,5
766,6.8,0.22,0.32,5.9,0.054,40,152,0.9938,3.2,0.57,10.8,6
767,8.7,0.3,0.34,4.8,0.018,23,127,0.99474,3.12,0.49,11.2,7
768,4.4,0.46,0.1,2.8,0.024,31,111,0.98816,3.48,0.34,13.1,6
769,6.8,0.32,0.18,7.5,0.041,71,223,0.9959,3.14,0.41,8.9,5
770,6.6,0.23,0.37,8.5,0.036,46,153,0.99576,3.2,0.48,9.4,6
771,6.1,0.3,0.47,1.4,0.049,50,187,0.9927,3.19,0.45,9.5,5
772,6.6,0.26,0.25,11.6,0.045,45,178,0.99691,3.33,0.43,9.8,6
773,5.8,0.36,0.38,0.9,0.037,3,75,0.9904,3.28,0.34,11.4,4
774,5.7,0.27,0.16,9,0.053,32,111,0.99474,3.36,0.37,10.4,6
775,6.8,0.18,0.3,12.8,0.062,19,171,0.99808,3,0.52,9,7
776,6.9,0.2,0.4,7.7,0.032,51,176,0.9939,3.22,0.27,11.4,5
777,7.4,0.24,0.31,8.4,0.045,52,183,0.9963,3.09,0.32,8.8,5
778,7.2,0.58,0.27,5.8,0.032,40,118,0.99088,3.17,0.53,13,7
779,7.4,0.32,0.55,16.6,0.056,53,238,1.0017,2.96,0.58,8.7,6
780,6.7,0.16,0.32,12.5,0.035,18,156,0.99666,2.88,0.36,9,6
781,7.4,0.27,0.48,1.1,0.047,17,132,0.9914,3.19,0.49,11.6,6
782,6.9,0.37,0.28,13.8,0.031,34,137,0.9948,3.1,0.37,11.6,6
783,7,0.23,0.26,7.2,0.041,21,90,0.99509,3.22,0.55,9.5,6
784,9.9,0.49,0.23,2.4,0.087,19,115,0.9948,2.77,0.44,9.4,6
785,6.1,0.34,0.46,4.7,0.029,21,94,0.991,3.29,0.62,12.3,6
786,7.2,0.28,0.26,12.5,0.046,48,179,0.9975,3.1,0.52,9,6
787,6.5,0.13,0.37,1,0.036,48,114,0.9911,3.41,0.51,11.5,8
788,5,0.29,0.54,5.7,0.035,54,155,0.98976,3.27,0.34,12.9,8
789,9.4,0.23,0.56,16.45,0.063,52.5,282,1.00098,3.1,0.51,9.3,5
790,6.7,0.31,0.34,6.8,0.059,51,215,0.99538,3.33,0.56,10.3,5
791,7,0.15,0.28,14.7,0.051,29,149,0.99792,2.96,0.39,9,7
792,6.7,0.28,0.28,2.4,0.012,36,100,0.99064,3.26,0.39,11.7,7
793,6.9,0.3,0.45,1.4,0.039,36,122,0.99059,3.07,0.47,11.1,7
794,6.7,0.18,0.31,10.6,0.035,42,143,0.99572,3.08,0.49,9.8,7
795,6,0.59,0,0.8,0.037,30,95,0.99032,3.1,0.4,10.9,4
796,7.5,0.29,0.24,9.9,0.058,25,115,0.99567,3.15,0.46,10.9,5
797,6.5,0.22,0.19,1.1,0.064,36,191,0.99297,3.05,0.5,9.5,6
798,6.8,0.15,0.33,4.7,0.059,31,118,0.9956,3.43,0.39,9,7
799,6.6,0.31,0.37,6.2,0.052,13,164,0.99602,3.24,0.39,8.8,4
800,6,0.41,0.05,1.5,0.063,17,120,0.9932,3.21,0.56,9.2,6
801,6.7,0.37,0.25,2.5,0.028,24,84,0.9909,3.14,0.36,11.7,6
802,7.8,0.27,0.58,11.2,0.036,44,161,0.9977,3.06,0.41,8.9,6
803,7.6,0.38,0.28,4.2,0.029,7,112,0.9906,3,0.41,12.6,6
804,6.9,0.26,0.29,4.2,0.043,33,114,0.9902,3.16,0.31,12.5,6
805,6.2,0.32,0.24,4.1,0.051,34,149,0.99306,3.36,0.52,11,5
806,5.9,0.24,0.3,2,0.033,28,92,0.99225,3.39,0.69,10.9,7
807,6.5,0.29,0.26,7,0.04,18,113,0.99366,3.17,0.38,10.2,6
808,5.8,0.27,0.26,3.5,0.071,26,69,0.98994,3.1,0.38,11.5,6
809,7.7,0.3,0.34,1.2,0.048,4,119,0.99084,3.18,0.34,12.1,6
810,6.5,0.28,0.38,7.8,0.031,54,216,0.99154,3.03,0.42,13.1,6
811,6.8,0.27,0.22,17.8,0.034,16,116,0.9989,3.07,0.53,9.2,5
812,6.7,0.34,0.54,16.3,0.047,44,181,0.9987,3.04,0.56,8.8,5
813,6.4,0.3,0.38,7.8,0.046,35,192,0.9955,3.1,0.37,9,5
814,7,0.17,0.74,12.8,0.045,24,126,0.9942,3.26,0.38,12.2,8
815,5.5,0.3,0.25,1.9,0.029,33,118,0.98972,3.36,0.66,12.5,6
816,6.8,0.25,0.18,1.4,0.056,13,137,0.9935,3.11,0.42,9.5,5
817,7,0.14,0.28,1.3,0.026,10,56,0.99352,3.46,0.45,9.9,5
818,7.4,0.18,0.24,1.4,0.047,21,106,0.99383,3.52,0.64,10.5,7
819,7.4,0.35,0.31,17.95,0.062,42,187,1.0002,3.27,0.64,9.1,5
820,5.6,0.49,0.13,4.5,0.039,17,116,0.9907,3.42,0.9,13.7,7
821,7,0.2,0.35,8.8,0.037,31,103,0.99388,3.13,0.49,11,6
822,7.8,0.3,0.29,16.85,0.054,23,135,0.9998,3.16,0.38,9,6
823,7,0.18,0.49,5.3,0.04,34,125,0.9914,3.24,0.4,12.2,6
824,5.7,0.22,0.33,1.9,0.036,37,110,0.98945,3.26,0.58,12.4,6
825,7.3,0.18,0.29,1,0.036,26,101,0.99,3.09,0.37,11.7,6
826,6,0.17,0.21,6,0.05,26,134,0.9939,3.08,0.54,9.8,6
827,6.2,0.21,0.27,1.7,0.038,41,150,0.9933,3.49,0.71,10.5,7
828,6.2,0.27,0.32,8.8,0.047,65,224,0.9961,3.17,0.47,8.9,5
829,6.2,0.35,0.03,1.2,0.064,29,120,0.9934,3.22,0.54,9.1,5
830,6.5,0.41,0.22,4.8,0.052,49,142,0.9946,3.14,0.62,9.2,5
831,6.9,0.37,0.23,9.5,0.057,54,166,0.99568,3.23,0.42,10,5
832,6.4,0.27,0.32,4.5,0.24,61,174,0.9948,3.12,0.48,9.4,5
833,8.7,0.45,0.4,1.5,0.067,17,100,0.9957,3.27,0.57,10.1,6
834,7.8,0.26,0.49,3.2,0.027,28,87,0.9919,3.03,0.32,11.3,7
835,7.3,0.21,0.3,10.9,0.037,18,112,0.997,3.4,0.5,9.6,6
836,7.1,0.18,0.36,1.4,0.043,31,87,0.9898,3.26,0.37,12.7,7
837,6.9,0.16,0.3,9.6,0.057,50,185,0.9978,3.39,0.38,9.6,6
838,6.7,0.16,0.32,12.5,0.035,18,156,0.99666,2.88,0.36,9,6
839,7.2,0.21,0.29,3.1,0.044,39,122,0.99143,3,0.6,11.3,6
840,7.2,0.34,0.44,4.2,0.047,51,144,0.991,3.01,0.76,12.3,6
841,5.8,0.29,0.27,1.6,0.062,17,140,0.99138,3.23,0.35,11.1,6
842,6.7,0.61,0.21,1.65,0.117,40,240,0.9938,3.11,0.57,9.3,5
843,8.1,0.28,0.34,1.3,0.035,11,126,0.99232,3.14,0.5,9.8,6
844,9,0.26,0.34,6.7,0.029,21,162,0.99497,3.08,0.5,10.6,6
845,6.2,0.27,0.49,1.4,0.05,20,74,0.9931,3.32,0.44,9.8,6
846,6.4,0.28,0.56,1.7,0.156,49,106,0.99354,3.1,0.37,9.2,6
847,6.2,0.2,0.26,1.1,0.047,42,119,0.99158,3.48,0.6,11,7
848,6,0.29,0.25,1.4,0.033,30,114,0.98794,3.08,0.43,13.2,6
849,6.2,0.35,0.25,18.4,0.051,28,182,0.99946,3.13,0.62,9.3,6
850,7.5,0.31,0.51,14.8,0.039,62,204,0.9982,3.06,0.6,9.5,5
851,6.3,0.27,0.29,12.2,0.044,59,196,0.99782,3.14,0.4,8.8,6
852,6.4,0.18,0.74,11.9,0.046,54,168,0.9978,3.58,0.68,10.1,5
853,5.1,0.25,0.36,1.3,0.035,40,78,0.9891,3.23,0.64,12.1,7
854,7.5,0.38,0.29,12.7,0.05,25,209,0.9986,3.25,0.59,9.3,6
855,5.7,0.2,0.24,13.8,0.047,44,112,0.99837,2.97,0.66,8.8,6
856,7.5,0.29,0.26,14.95,0.067,47,178,0.99838,3.04,0.49,9.2,4
857,6.9,0.24,0.34,4.7,0.04,43,161,0.9935,3.2,0.59,10.6,6
858,9,0.55,0.3,8.1,0.026,14,71,0.993,2.94,0.36,11.8,5
859,6.3,0.17,0.23,5.7,0.048,44,147,0.99382,3.08,0.54,10,5
860,6.9,0.17,0.22,4.6,0.064,55,152,0.9952,3.29,0.37,9.3,6
861,6.7,0.24,0.36,8.4,0.042,42,123,0.99473,3.34,0.52,10.9,6
862,5.9,0.25,0.24,7.4,0.044,21,113,0.99462,3.38,0.58,10.5,6
863,7.6,0.19,0.41,1.1,0.04,38,143,0.9907,2.92,0.42,11.4,5
864,6.4,0.35,0.28,1.1,0.055,9,160,0.99405,3.42,0.5,9.1,7
865,5,0.235,0.27,11.75,0.03,34,118,0.9954,3.07,0.5,9.4,6
866,7.5,0.38,0.33,9.2,0.043,19,116,0.99444,3.08,0.42,11.4,6
867,7.7,0.24,0.27,1.8,0.051,52,190,0.9928,3.23,0.5,10.8,6
868,6.5,0.25,0.27,17.4,0.064,29,140,0.99776,3.2,0.49,10.1,6
869,6.3,0.2,0.24,1.7,0.052,36,135,0.99374,3.8,0.66,10.8,6
870,7.2,0.19,0.31,6.3,0.034,17,103,0.99305,3.15,0.52,11.4,7
871,7.1,0.13,0.4,1.2,0.047,54,134,0.9932,3.3,0.97,9.8,7
872,7.6,0.15,0.4,1.3,0.036,24,112,0.9932,3.14,0.76,10,5
873,8.9,0.27,0.34,10.7,0.029,19.5,166,0.99669,3.13,0.48,10.6,5
874,7.1,0.22,0.74,2.7,0.044,42,144,0.991,3.31,0.41,12.2,6
875,7,0.22,0.39,2.1,0.055,39,198,0.9951,3.52,0.54,10.2,6
876,7.2,0.24,0.29,2.2,0.037,37,102,0.992,3.27,0.64,11,7
877,6.9,0.2,0.3,4.7,0.041,40,148,0.9932,3.16,0.35,10.2,6
878,5,0.31,0,6.4,0.046,43,166,0.994,3.3,0.63,9.9,6
879,7.5,0.18,0.39,1.9,0.054,23,91,0.9941,3.27,0.45,10.3,6
880,7.5,0.29,0.31,8.95,0.055,20,151,0.9968,3.08,0.54,9.3,5
881,7.2,0.32,0.4,8.7,0.038,45,154,0.99568,3.2,0.47,10.4,6
882,7,0.44,0.24,12.1,0.056,68,210,0.99718,3.05,0.5,9.5,5
883,5.8,0.21,0.32,1.6,0.045,38,95,0.98946,3.23,0.94,12.4,8
884,5.6,0.245,0.25,9.7,0.032,12,68,0.994,3.31,0.34,10.5,5
885,7.5,0.16,0.38,12.7,0.043,70.5,163,0.99706,3.15,0.82,10.4,7
886,6.9,0.19,0.49,6.6,0.036,49,172,0.9932,3.2,0.27,11.5,6
887,7.2,0.17,0.34,6.4,0.042,16,111,0.99278,2.99,0.4,10.8,6
888,6.4,0.16,0.37,1.5,0.037,27,109,0.99345,3.38,0.5,9.8,6
889,6.9,0.18,0.38,8.1,0.049,44,176,0.9958,3.3,0.54,9.8,6
890,6.4,0.33,0.24,1.6,0.054,25,117,0.9943,3.36,0.5,9.3,5
891,7.8,0.24,0.38,2.1,0.058,14,167,0.994,3.21,0.55,9.9,5
892,6.8,0.28,0.36,7,0.043,60,207,0.99556,3.16,0.49,9.6,6
893,6.8,0.24,0.29,2,0.044,15,96,0.99232,3.23,0.64,10.4,8
894,8.3,0.17,0.31,1.5,0.049,48,153,0.9942,3.12,0.58,9.4,6
895,7.3,0.32,0.25,7.2,0.056,47,180,0.9961,3.08,0.47,8.8,5
896,8,0.25,0.49,1.2,0.061,27,117,0.9938,3.08,0.34,9.4,5
897,6.2,0.55,0.45,12,0.049,27,186,0.9974,3.17,0.5,9.3,6
898,6.4,0.45,0.07,1.1,0.03,10,131,0.9905,2.97,0.28,10.8,5
899,5.7,0.25,0.26,12.5,0.049,52.5,120,0.99691,3.08,0.45,9.4,6
900,6.8,0.27,0.28,7.8,0.038,26,89,0.9915,3.24,0.34,12.5,6
901,6.3,0.34,0.19,5.8,0.041,22,145,0.9943,3.15,0.63,9.9,5
902,6.15,0.21,0.37,3.2,0.021,20,80,0.99076,3.39,0.47,12,5
903,6.4,0.225,0.48,2.2,0.115,29,104,0.9918,3.24,0.58,12.1,6
904,6.6,0.37,0.24,2,0.064,23,120,0.9946,3.32,0.54,9.4,5
905,6.4,0.23,0.35,4.6,0.039,43,147,0.99216,3.18,0.4,11,7
906,6.8,0.14,0.35,1.5,0.047,40,117,0.99111,3.07,0.72,11.1,6
907,7.2,0.24,0.3,1.6,0.048,27,131,0.9933,3.25,0.45,10.5,5
908,5.9,0.29,0.16,7.9,0.044,48,197,0.99512,3.21,0.36,9.4,5
909,6.2,0.19,0.38,5.1,0.019,22,82,0.98961,3.05,0.36,12.5,6
910,6.1,0.32,0.28,6.6,0.021,29,132,0.99188,3.15,0.36,11.45,7
911,7.2,0.5,0,0.8,0.034,46,114,0.9932,3.19,0.34,9.2,4
912,5.8,0.28,0.28,4.2,0.044,52,158,0.992,3.35,0.44,10.7,7
913,6.3,0.4,0.24,5.1,0.036,43,131,0.99186,3.24,0.44,11.3,6
914,7.6,0.3,0.27,10.6,0.039,31,119,0.99815,3.27,0.3,9.3,6
915,6.6,0.24,0.28,6.7,0.032,26,91,0.99172,3.13,0.32,12.3,6
916,6.1,0.41,0.24,1.6,0.049,16,137,0.993,3.32,0.5,10.4,6
917,7.6,0.27,0.52,3.2,0.043,28,152,0.99129,3.02,0.53,11.4,6
918,6.8,0.17,0.74,2.4,0.053,61,182,0.9953,3.63,0.76,10.5,6
919,5.8,0.33,0.2,16.05,0.047,26,166,0.9976,3.09,0.46,8.9,5
920,6.8,0.67,0.3,13,0.29,22,193,0.9984,3.08,0.67,9,4
921,5.3,0.32,0.12,6.6,0.043,22,141,0.9937,3.36,0.6,10.4,6
922,6.6,0.16,0.35,1.8,0.042,26,105,0.98962,3.19,0.75,12.4,7
923,6.7,0.28,0.34,8.9,0.048,32,111,0.99455,3.25,0.54,11,7
924,7.6,0.25,1.23,4.6,0.035,51,294,0.99018,3.03,0.43,13.1,6
925,7.2,0.31,0.35,7.2,0.046,45,178,0.9955,3.14,0.53,9.7,5
926,6.8,0.19,0.32,7.6,0.049,37,107,0.99332,3.12,0.44,10.7,7
927,7.2,0.24,0.27,11.4,0.034,40,174,0.99773,3.2,0.44,9,5
928,7.8,0.22,0.36,1.4,0.056,21,153,0.993,3.2,0.53,10.4,6
929,7.9,0.21,0.39,2,0.057,21,138,0.99176,3.05,0.52,10.9,5
930,6.3,0.2,0.4,1.5,0.037,35,107,0.9917,3.46,0.5,11.4,6
931,6.6,0.32,0.34,7.7,0.044,63,212,0.99526,3.22,0.48,9.7,6
932,6,0.25,0.28,7.7,0.053,37,132,0.99489,3.06,0.5,9.4,6
933,9.9,1.005,0.46,1.4,0.046,34,185,0.9966,3.02,0.49,10.2,4
934,6.6,0.37,0.47,6.5,0.061,23,150,0.9954,3.14,0.45,9.6,6
935,4.9,0.345,0.34,1,0.068,32,143,0.99138,3.24,0.4,10.1,5
936,6.6,0.29,0.29,1.8,0.036,38,102,0.98819,3.08,0.42,13.7,7
937,5.3,0.16,0.39,1,0.028,40,101,0.99156,3.57,0.59,10.6,6
938,6.2,0.35,0.29,3.9,0.041,22,79,0.99005,3.1,0.59,12.06666667,6
939,9.2,0.28,0.49,11.8,0.042,29,137,0.998,3.1,0.34,10.1,4
940,6.8,0.21,0.55,14.6,0.053,34,159,0.99805,2.93,0.44,9.2,5
941,6.8,0.32,0.34,1.2,0.044,14,67,0.9919,3.05,0.47,10.6,4
942,7.3,0.29,0.3,13,0.043,46,238,0.9986,3.06,0.41,8.7,6
943,6.5,0.29,0.3,9.15,0.051,25,166,0.99339,3.24,0.56,11.35,6
944,7.4,0.21,0.3,7.9,0.039,14,118,0.9942,2.96,0.34,10.4,5
945,8.3,0.24,0.27,2.1,0.03,22,162,0.9914,2.99,0.68,11.9,6
946,7.4,0.105,0.34,12.2,0.05,57,146,0.9973,3.16,0.37,9,6
947,6.8,0.15,0.41,12.9,0.044,79.5,183,0.99742,3.24,0.78,10.2,6
948,7.7,0.29,0.48,2.3,0.049,36,178,0.9931,3.17,0.64,10.6,6
949,7.2,0.25,0.39,18.95,0.038,42,155,0.9999,2.97,0.47,9,6
950,7.4,0.2,0.35,6.1,0.025,10,40,0.99244,2.79,0.52,10.9,5
951,6.5,0.29,0.25,2.5,0.142,8,111,0.9927,3,0.44,9.9,4
952,5.9,0.14,0.2,1.6,0.04,26,114,0.99105,3.25,0.45,11.4,6
953,6.8,0.22,0.35,5.5,0.043,21,114,0.9938,3.3,0.53,10.7,7
954,6.4,0.1,0.35,4.9,0.048,31,103,0.9947,3.43,0.79,9.7,6
955,6,0.26,0.32,3.8,0.029,48,180,0.99011,3.15,0.34,12,6
956,6.9,0.23,0.24,14.2,0.053,19,94,0.9982,3.17,0.5,9.6,5
957,6.1,0.17,0.28,4.5,0.033,46,150,0.9933,3.43,0.49,10.9,6
958,6.5,0.27,0.19,6.6,0.045,98,175,0.99364,3.16,0.34,10.1,6
959,7.2,0.24,0.36,2,0.029,21,63,0.99076,3.13,0.63,12.5,6
960,7.7,0.49,1,19.6,0.03,28,135,0.9973,3.24,0.4,12,6
961,7.1,0.09,0.3,6.2,0.032,24,134,0.993,2.99,0.39,10.9,6
962,6.8,0.51,0.3,4.2,0.066,38,165,0.9945,3.2,0.42,9.1,5
963,7.1,0.25,0.28,1.6,0.052,46,169,0.9926,3.05,0.41,10.5,5
964,8.1,0.4,0.32,7.9,0.031,23,118,0.99176,3.05,0.46,13.3,7
965,6.9,0.31,0.34,1.6,0.032,23,128,0.9917,3.37,0.47,11.7,6
966,7.1,0.27,0.28,1.25,0.023,3,89,0.98993,2.95,0.3,11.4,4
967,6.6,0.17,0.3,1.1,0.031,13,73,0.99095,3.17,0.58,11,6
968,7.2,0.36,0.36,5.7,0.038,26,98,0.9914,2.93,0.59,12.5,7
969,6.7,0.16,0.49,2.4,0.046,57,187,0.9952,3.62,0.81,10.4,6
970,6,0.34,0.66,15.9,0.046,26,164,0.9979,3.14,0.5,8.8,6
971,6.8,0.33,0.31,7.4,0.045,34,143,0.99226,3.06,0.55,12.2,6
972,7,0.28,0.33,14.6,0.043,47,168,0.9994,3.34,0.67,8.8,6
973,6.4,0.475,0.06,1,0.03,9,131,0.9904,2.97,0.29,10.8,5
974,5.2,0.365,0.08,13.5,0.041,37,142,0.997,3.46,0.39,9.9,6
975,6.1,0.3,0.32,2.2,0.042,41,142,0.98952,3.31,0.44,12.7,7
976,7.9,0.12,0.49,5.2,0.049,33,152,0.9952,3.18,0.47,10.6,6
977,8,0.2,0.44,1,0.057,24,111,0.99158,3.09,0.32,11.2,6
978,7.4,0.33,0.26,15.6,0.049,67,210,0.99907,3.06,0.68,9.5,5
979,6.2,0.36,0.45,10.4,0.06,22,184,0.99711,3.31,0.56,9.8,6
980,6.3,0.18,0.22,1.5,0.043,45,155,0.99238,3.19,0.48,10.2,5
981,6.4,0.24,0.29,1,0.038,18,122,0.9906,3.3,0.42,11.5,5
982,7.7,0.28,0.39,8.9,0.036,8,117,0.9935,3.06,0.38,12,7
983,6.3,0.27,0.46,11.1,0.053,44,177,0.99691,3.18,0.67,9.4,5
984,5.8,0.15,0.32,1.2,0.037,14,119,0.99137,3.19,0.5,10.2,6
985,7.4,0.29,0.48,12.8,0.037,61.5,182,0.99808,3.02,0.34,8.8,5
986,6.5,0.18,0.41,14.2,0.039,47,129,0.99678,3.28,0.72,10.3,7
987,7.2,0.32,0.4,8.7,0.038,45,154,0.99568,3.2,0.47,10.4,6
988,6.9,0.36,0.28,13.55,0.048,51,189,0.99782,3,0.6,9.5,7
989,7.7,0.25,0.3,7.8,0.038,67,196,0.99555,3.1,0.5,10.1,5
990,7.3,0.23,0.27,2.6,0.035,39,120,0.99138,3.04,0.59,11.3,7
991,7.4,0.155,0.34,2.3,0.045,73.5,214,0.9934,3.18,0.61,9.9,7
992,8.3,0.2,0.49,1.7,0.04,34,169,0.9938,3.05,0.37,10.1,5
993,7.4,0.33,0.44,7.6,0.05,40,227,0.99679,3.12,0.52,9,5
994,5.7,0.25,0.32,12.2,0.041,43,127,0.99524,3.23,0.53,10.4,7
995,7,0.17,0.37,1.5,0.028,26,75,0.9922,3.3,0.46,10.8,7
996,6.2,0.24,0.25,12.5,0.055,47,134,0.99758,3.3,0.51,9,5
997,6.8,0.31,0.3,8,0.028,33,122,0.99164,3.13,0.63,12.6,7
998,7.3,0.19,0.24,6.3,0.054,34,231,0.9964,3.36,0.54,10,6
999,6.6,0.32,0.27,10.9,0.041,37,146,0.9963,3.24,0.47,10,5
1000,8.6,0.34,0.36,1.4,0.045,11,119,0.99556,3.17,0.47,9.4,4